Name,Section,Number,Population,FIPS,3-16,3-17,3-18,3-19,3-20,3-21,3-22,3-23,3-24,3-25,3-26,3-27,3-28,3-29,3-30,3-31,4-01,4-02,4-03,4-04,4-05,4-06,4-07,4-08,4-09,4-10,4-11,4-12,4-13,4-14,4-15,4-16,4-17,4-18,4-19,4-20,4-21,4-22,4-23,4-24,4-25,4-26,4-27,4-28,4-29,4-30,5-01,5-02,5-03,5-04,5-05,5-06,5-07,5-08,5-09,5-10,5-11,5-12,5-13,5-14,5-15,5-16,5-17,5-18,5-19,5-20,5-21,5-22,5-23,5-24,5-25,5-26,5-27,5-28,5-29,5-30,5-31,6-01,6-02,6-03,6-04,6-05,6-06,6-07,6-08,6-09,6-10,6-11,6-12,6-13,6-14,6-15,6-16,6-17,6-18,6-19,6-20,6-21,6-22,6-23,6-24,6-25,6-26,6-27,6-28,6-29,6-30,7-01,7-02,7-03,7-04,7-05,7-06,7-07,7-08,7-09,7-10,7-11,7-12,7-13,7-14,-15*,7-16,17**,7-18,7-19,7-20,7-21,7-22,7-23,7-24,7-25,7-26,7-27,7-28,7-29,7-30,7-31,8-01,8-02,8-03
Anderson,J,11,58199,48001, , , , , , , , , , , , , , , , ,G,G,G,G,G,G,G, ,G,G,G,G,G,G,G,G,G,G,G,G,G,F,G,F,F,F,F,F,F,F,F,F,F,F,F,F,F,F,F,F,F,F,F,F,F,F,F,F,F,F,F,F,F,F,F,G,G,G,G,G,G,G,F,F,E,F,F,F,F,F,F,F,G,E,E,E,A,A,A,A,A,A,A,E,E,F,F,F,F,F,E,D,B,B,B,B,B,B,A,A,A,A,A,A,A,A,A,A,A,A,A,A,A,A,A,A,A,A,A,A,A,B,B,B,A
Andrews,C,11,22269,48003, , , , , , , , , , , , , , , , , , , ,G,F,F,D,D,D,D,D,F,F,G,G,E,E,E,E,E,F,F, , , , , , , , ,G,G,G,G,G,G,G,G,G, , ,G,G,G,G,G,G,G, , , ,G,G,G,F,F,F,F,F,F,G, , , , , , , , , , , , ,G,G,G,G,G,F,E,C,B,B,C,B,B,B,B,B,B,B,A,A,A,A,B,B,B,A,A,A,A,A,A,A,A,A,A,A,B,B,B,A,A,A,A,A,A,A,B,A,A,B,A,A
Angelina,J,23,90437,48005, , , , , , , , , , ,G,G,G,G,G,G,G,G,G,G,G,G,G,G,G,G,G,G,G,G,G,G,G,G,G,G,G,F,G,G,F,F,F,F,F,F,F,F,F,F,E,E,D,D,D,D,D,D,E,E,E,D,D,D,E,E,D,D,E,E,E,F,D,E,E,E,E,E,D,D,E,E,E,E,E,F,D,D,B,B,B,B,B,B,B,C,B,B,B,B,B,B,B,B,B,B,C,B,B,B,B,B,B,A,B,B,A,A,A,A,A,A,A,A,A,A,A,A,A,A,A,A,A,A,A,A,A,A,A,A,A
Aransas,N,29,27699,48007, , , , , , , , , , , , , , , , , , , , ,G,G,G,G,G,G,G,G,G,G, , , , , , , , , , , , , , , , , , , , , , , , , , , , , ,G,G,G,G,G,G,G,G,G,G,G,G,G,G, , , , , , , , , , , , , , , ,G,G,G,G,G,G,G,G,G,G,G,G,G,G,F,E,E,D,D,D,C,C,C,C,B,B,B,B,C,C,B,D,D,C,B,B,B,B,B,A,A,A,B,B,B,A,B,B,B,B,B,B,B
Archer,F,13,8344,48009, , , , , , , , , , , , , , , , , , , , , , , , , , , , , , , , , , , , , , , , , , , , , , , , , , , , , , , , , , , , ,G,G,G,G,G,G,G, , , , , , , , , , , , , , ,G,G,G,G,F,F,F,G,G,G,G, , , , , , , ,G,F,F,F,E,E,E,E,F,E,E,F,F,F,E,D,E,F,F,F,F,F,G,G,F,F,F,F,G,G,G,G,E,E,E,F,F,D,D,C,C,C
Armstrong,E,33,1948,48011, , , , , , , , , , , , , , , , , , , , , , , , , , , , , ,D,D,D,D,D,D,D, , , , ,D,D,D,D,D,D,D, , , , , , , , , , , , , , , , , , , , , , , , , , , ,D,D,D,D,D,D,D, , , , , , , , , , , , , , ,D,D,D,D,D, , , , , , , , , , , , , , , , , , , , , , , , , , , , , , ,D,D,D,D,B,B,B,D,A,A,A
Atascosa,N,14,51831,48013, , , , , , , , , ,G,G,G,G,G,G,G, , , , , ,G,G,G,G,G,G,G,G,G,G,G,G,G,G,G,G,G,G,G,G,G,G,G,G,G,G,G,G,G,G,G,G,G,G,G,G,F,G,G,F,F,F,G,G,G,F,G,G,G,G,G,G, , , ,G,G,G,G,G,G,G,G,G,G,F,G,G,G, , , , ,G,E,D,D,D,B,B,B,D,E,E,E,D,D,D,C,B,B,B,B,B,B,A,B,A,A,A,A,A,A,A,A,A,A,A,A,A,B,B,B,D,E,E,F,F,F,F
Austin,K,12,30402,48015, , , , , , , , , ,G,G,G,G,G,G,G,G,G,G,G,G,G,G,F,G,G,G,F,F,F,F,F,G,G,G,G, , , , , , , , ,G,G,G,G,G,G,G,G,G,G,G,G,G,G,G,G,G,G,G,G,F,F,F,G,G,G,G,G,G,G,G,G,G,F,F,G,G,G,G,G,G,F,G,G,G,F,F,F,G,F,E,E,E,E,D,C,C,D,C,C,B,C,D,D,D,D,C,D,B,B,B,A,A,A,A,B,B,B,B,B,B,B,B,B,B,B,C,B,B,B,B,B,B,B,B,B,C
Bailey,D,11,7692,48017, , , , , , , , , , , , , , , , , , , , , , , , , , , , , , , , , , , , , , , , , , , , , , , , , , ,G,F,F,F,F,E,E,F,G,G,G,D,E,C,B,B,B,B,D,D,F, ,D,D,B,B,B,B,B,C,C,B,B,B,B,B,B,B,B,B,B,B,A,A,A,A,A,A,A,A,A,D,C,B,B,B,B,A,A,A,B,B,B,A,B,B,B,B,B,B,D,E,B,B,B,B,A,A,A,A,A,A,A,B,A,A,A,A,A,A,A
Bandera,B,25,21246,48019, , , , , , , , , , , , , , , , , , , , , , , , ,G,G,G,G,G,G,G,G,F,G,G,G,G,G,G, , ,G,G,G,G,G,G,G, , , , , , , , , , , , , , , , , , , , , , , , , , , , , , , , , , , , , , , , ,G,G,G,G,G,G,G,E,E,E,E,D,E,E,F,G,G,G, ,E,E,E,D,D,D,D,E,D,B,B,B,B,B,B,C,D,F,F,F,E,E,D,B,B,B,B,B,B,B,B,C,C,C
Bastrop,M,13,86105,48021, , , , , , , , , ,G,G,G,G,G,G,G,G,G,G,G,G,G,G,G,G,G,F,G,G,G,F,F,F,F,F,E,E,F,F,F,F,F,F,G,F,F,E,E,E,E,D,E,E,F,E,F,F,F,F,F,F,F,F,F,E,E,E,D,D,D,C,E,D,E,E,E,E,E,E,D,D,D,D,D,D,C,D,D,D,D,D,D,D,C,B,C,D,D,B,C,E,D,B,B,B,B,B,B,B,C,C,C,B,B,A,A,A,A,A,A,A,A,A,A,A,A,A,A,A,A,A,A,A,A,A,A,A,A,B,B,B
Baylor,F,12,3624,48023, , , , , , , , , , , , , , , , , , , , , , , , , , , , , , , , , , , , , , , , , , , , , , , , , , , , , , , , , , , , , , , , , , , , , , , , , , , , , , , , , ,B,F,F,F,F,F,F, , , , , , , , , , , , ,F,F,F, , , , , , , , , , , , , , , , , , , , , , , , ,F,F,F,D,B,B,B,B,B,B,B,D,D,D
Bee,N,26,34445,48025, , , , , , , , , , , , , , , , , , , , , , , ,G,G,G,G,G,G,G,G,G,G,G,G,G,G,G,G,G, , , , , , , ,G,G,G,G,G, , , , , , , , , , , , , ,G,G,G,G,G,G,G,G,G,G,G, , ,G,G,G,F,E,E,E,E,D,D,E,F,F,F,F,F,F,G,G,F,F,G,G,F,F,F,F,E,E,E,E,D,D,B,B,B,A,A,A,A,A,A,A,A,B,A,A,A,A,A,A,A,A,A,A,A,A,A,A,A,A,A,A
Bell,L,22,353629,48027,G,G,G,G,G,G,G,G,G,G,G,G,G,G,G,G,G,G,G,G,G,G,G,G,G,G,G,G,G,G,G,G,G,G,G,G,G,G,G,G,G,G,G,G,G,G,G,G,G,G,G,G,G,G,G,G,G,G,G,G,G,G,G,G,G,G,G,F,F,F,F,G,F,F,F,F,F,F,F,F,F,F,F,F,F,F,F,E,E,D,D,D,D,D,D,D,C,D,D,C,B,B,B,B,B,B,B,B,B,B,B,B,B,B,B,B,A,A,A,A,A,A,A,A,A,A,A,A,B,B,B,B,B,B,B,B,B,B,A,A,B
Bexar,N,4,2093502,48029,G,G,G,G,G,G,G,G,G,G,G,G,G,G,G,G,G,G,G,G,G,G,G,F,F,F,F,F,F,F,F,F,F,F,G,G,G,G,G,G,G,G,G,G,G,G,G,G,F,F,F,F,F,F,F,F,G,G,G,G,G,G,G,G,G,F,F,F,G,F,F,G,G,G,G,G,F,F,F,F,F,F,F,F,F,F,E,E,E,E,D,D,D,C,B,B,B,B,B,B,B,B,B,B,A,A,A,A,A,A,A,A,A,A,A,A,A,A,A,A,A,B,C,A,A,A,A,A,A,A,A,A,A,A,A,A,A,A,A,A,A
Blanco,B,19,11504,48031, , , , , , , , ,G,G,G,G,G,G,G, , , , ,G,G, ,F,F,F,F,F,F,F, , , ,G, , , , ,G,F,G,F,F,F,F,G, , , , , , , , , , , , , , , , , , , , ,G,G,F,F,F,F,F,G,G,G,F,F,F,F,F,F,F,G, , ,G,G, , , , , , , ,F,F,F,F,B,B,B,B,B,B,B,D,F, ,F,D,D,D,E,E,A,A,A,A,A,A,A,C,A,A,A,A,A,A,A,B,B,A,B,B,B,B,B,B,B,B,B
Borden,C,3,685,48033, , , , , , , , , , , , , , , , , , , , , , , , , , , , , , , , , , , , , , , , , , , , , , , , , , , , , , , , , , , , , , , , , , , , , , , , , , , , , , , , , , , , , , , , , , , , , , , , , , , , , , , , , , , , , , , , , , , , , , , , , , , , , , , , , , , , , , , , , , , , , 
Bosque,L,3,17765,48035, , , , , , , , , , , , , , , , , , , , , , , , , , , , , , ,G,G,G,G,G,G,F,G,G,G,G,F,F,G,G,G,G,G, , ,G,G,G,G,G,G,G,G,G,G,G,G,G,G, , , , , , , , , , , ,G,G,G,G,G,G,G, , , , , , , , , , , , , , , ,F,F,F,F,F,F,F, ,F,F,F,E,E,E,E,E,E,B,B,B,A,A,B,B,C,C,B,B,B,A,A,A,A,A,A,A,A,A,A,B,A,B,A,A
Bowie,I,3,92570,48037, , ,G,G,G,G,G,G,G, , ,G,G,G,G,G,G,G,G,F,F,G,G,G,F,F,F,F,F,F,F,F,F,E,F,F,E,E,F,F,G,G,G,G,G,G,G,G,G,G,G,G,G,G, , , ,G,G,D,D,C,C,C,C,B,C,E,F,F,F,G, ,F,E,D,B,B,B,A,B,B,B,B,B,B,B,B,B,C,E,E,E,F,F,E,E,E,E,E,F,E,F,F,F,E,F,E,E,E,E,D,E,E,E,E,D,D,D,C,B,B,B,B,B,B,B,B,B,B,B,B,B,C,C,D,E,F,F,E,E
Brazoria,K,22,375869,48039,G,G,G,G,G,G,G,G,G,G,G,G,G,G,G,F,F,F,F,F,F,F,F,F,F,F,F,F,F,F,F,F,F,F,F,F,F,F,E,E,E,E,E,E,E,F,E,E,F,F,F,F,F,F,E,E,E,E,E,E,F,F,F,E,E,E,F,F,F,E,F,F,F,F,F,F,F,F,F,F,F,F,F,F,F, , , , , , , ,A,A,A,A,A,A,A,B,B,B,B,B,B,B,B,B,B,A,A,A,A,A,A,A,A,A,A,A,A,A,A,A,A,A,A,A,A,A,A,A,A,A,A,A,A,A,A,A,A
Brazos,L,43,229410,48041, , ,G,G,G,G,G,G,G,G,G,G,F,F,F,F,F,F,F,F,F,F,F,F,F,F,F,F,F,F,F,F,F,F,F,G,G,G,G,G,G,G,G,G,G,G,G,G,G,G,G,G,F,F,F,F,F,E,E,E,F,F,F,F,F,F,F,E,E,D,D,D,D,E,E,E,F,F,F,F,F,E,E,D,C,C,B,B,B,C,B,B,B,B,A,A,A,A,A,A,A,A,A,A,A,A,A,A,A,A,A,A,A,A,A,A,A,A,A,A,A,A,A,A,A,A,A,A,A,A,B,A,B,A,A,A,B,B,B,B,B
Brewster,A,7,9133,48043, , , , , , , , , , , , , , , , , , , , , , , , , , , , , , , , , , , , , , , , , , , , , , ,G,G,G,G,G,G,G, , , , , , , , , , , , , , , , , , , , , , , , , , , , , , , , , , , , ,E,C,B,B,A,A,A,A,A,A,A,A,A,A,A,A,A,A,A,A,A,A,A,A,A,B,C,B,B,B,B,B,B,B,B,B,B,B,B,E,D,D,A,A,A,A,A,A,A,D,D,B
Briscoe,D,4,1568,48045, , , , , , , , , , , , , , , , , , , , , , , , , , , , , , , , , , , , , , , , , , , , , , , ,C,C,C,C,C,C,C, , , , , , , , , , , , , , , , , , , , , , , , , , , , , , , , , , , , , , , , , , , , , , , ,C,C,C,C,C,C,B,C,C,A,A,A,A,A,A,A,B,B,B,C,C, , , , , , , , ,C,C,C,C,B,B,B,C,C,C,C
Brooks,O,13,7175,48047, , , , , , , , , , , , , , , , , , , , , , , , , , , , , , , , , , , , , ,G,G,G,G,G,G,G, , , , , , , , , , , , , , , , , , , , , , , , , , , , , , , , , , , , , , , , , , , , , , ,G,G,G,G,G,G,G,G,G,G,G,G,G,G, , , , ,E,E,B,B,B,B,A,A,A,A,A,A,A,A,A,A,A,A,A,A,A,D,C,B,A,A,A,A,A,A,A,B,B
Brown,G,23,38923,48049, , , , , ,G,G,G,G,G,G,G,G,G,G,G,G, ,G,G,G,G,G,G,G,G,F,G,G,G,G,G,G,G,G,G,G,G,G,G,G,G,E,D,D,C,D,D,D,F,G,G,G,G,G,G,G, ,E,E,E,E,E,E,E,G,G,G,G,G,G,F,G,G,G,G,G,G,G,G,G,G,G,G,G,G,G,G,G,G,G,G,G,G,G,G,G,G,G,G,G,G,F,F,F,F,F,E,D,D,B,B,B,C,B,A,A,A,A,A,A,A,A,A,A,A,A,B,A,A,B,B,B,B,B,B,B,B,B,B,B
Burleson,L,42,17718,48051, , , , , , , , , , , , ,G,G,G,G,G,G,G,G,G,G,F,F,F,E,F,F,F,G,F,F,F,G,G,G,F,G,F,G,F,F,F,F,G,G,G,F,F,F,G,G,G,G,G,G,G,G,G,F,G,F,F,F,F,F,F,E,F,F,F,G,G,F,G,G,G,F,F,F,E,E,D,D,E,C,B,C,C,D,D,D,C,D,B,B,B,B,B,B,B,B,B,B,B,B,D,B,B,B,B,B,B,B,A,A,A,A,A,A,A,A,A,A,A,A,A,A,A,A,A,A,A,B,A,A,B,C,B,B,C
Burnet,L,21,48196,48053, , , , , , , , ,G,G,G,G,G,G,G,G,G,G,G,G,G,G,G,G,G,G,G,G,G,G,G,G,G,G,G,G,F,G,F,G,G,G,G,G,G,G,G,G,G,F,F,F,G,G,G,F,G,G,G,G,G,G,G,G, , ,G,G,G,G,G,G,G,G,G,F,F,F,F,E,E,E,E,E,E,E,F,F,F,F,F,F,F,F,E,D,E,E,C,B,B,D,B,B,B,B,C,B,B,C,C,C,B,B,A,A,A,A,A,B,A,A,A,A,A,A,A,A,A,A,B,A,A,A,A,A,A,A,A,A,B
Caldwell,M,12,44284,48055, , , , , , , , , , , , ,G,G,G,G,G,G,G,G,G,G,G,G,G,G,G,G,G,G,G,G,G,G,G,G,G,G,G,G,G,G,G,G,G,G,G,F,F,F,F,E,F,F,G,F,F,F,F,F,F,F,F,G,F,G,F,E,E,E,E,F,E,E,E,E,E,E,E,D,E,F,F,F,F,F,F,F,E,D,A,A,A,A,A,A,A,A,A,A,A,A,A,A,A,A,B,B,A,A,A,A,A,A,A,A,A,A,A,A,A,A,A,A,A,A,A,A,A,A,A,A,A,A,A,A,A,A,A,A,A
Calhoun,M,42,22840,48057, , , , , , , , , , ,G,G,G,G,G,G,E,F,F,F,E,E,E,F,F,F,F,F,G,E,E,F,E,E,F,F,G,G,F,G,F,F,E,E,E,E,E,F,F,F,F,F,F,F,F,F,G,G,G,G, , , , , ,G,G,G,G,G,G,G, , , , , , , , , , ,G,G,G,F,F,E,E,E,E,E,F,F,G,F,E,E,E,D,D,B,B,B,B,B,B,A,B,B,B,B,B,A,B,A,A,A,A,A,A,A,A,A,A,A,A,A,A,A,A,A,A,A,A,A,A,A,A,A,A
Callahan,G,12,13456,48059, , , , , , , , , , , , , , , , , , , , , , ,G,G,G,G,G,G,G, , , , , , , , , , , , , , ,G,G,G,G,G,G,G, , ,F,E,E,E,E,E,E,F,F,F,F,F,F,G, , , , , ,G,G,G,G,G,G,G, , ,G,G,G,G,G,G,G,F,F,F,F,F,F,F,G,G, , , , ,F,F,F,F,F,F,F,G,G,F,F,F,F,C,C,C,C,C,C,C,E,F,E,E,E,E,E,C,C,D,D,D,D,D,F,G,G,F,F,F,F
Cameron,O,24,427881,48061, , , , ,G,G,G,G,G,G,G,G,G,G,G,G,G,G,G,G,G,F,F,F,F,F,F,F,F,F,E,E,E,E,F,F,F,F,F,F,F,F,F,F,F,F,F,F,F,F,F,F,F,F,F,F,F,F,F,F,F,F,F,F,F,F,F,F,F,F,F,F,F,F,F,F,F,F,F,F,F,F,F,E,E,E,E,E,D,D,C,C,C,C,B,B,B,B,B,B,B,B,A,A,A,A,A,A,A,A,A,B,B,B,B,A,A,A,A,A,A,A,A,A,A,A,A,A,A,A,A,A,A,A,A,A,A,A,A,A,A
Camp,I,15,13322,48063, , , , , , , , , , , , , , , , ,G,G,G,G,G,G,F,G,F,F,F,F,F,F,F,F,F,F,F,F,G,G, , , , , , , , , , ,G,G,G,G,G,G,G, , , ,E,D,C,B,B,B,A,B,A,A,A,A,A,A,A,A,A,A,A,A,A,A,B,D,C,C,C,B,B,B,B,B,B,B,B,B,B,B,E,E,F,G,E,E,D,D,D,D,D,E,D,D,D,D,D,C,B,B,C,C,B,A,B,B,A,A,A,A,A,A,A,A,B,A,A,A,A,A,A,A,A,A,A
Carson,E,23,5799,48065, , , , , , , , , , , , , , , , , , , , , , , , , , , , , , , , , ,F,F,F,F,F,F,F, , , , ,F,F,F,F,E,E,E,F,F,F,F, , , , , , , ,F,E,E,E,D,D,D,E,F,F,F, , , , , , , , , , , , , , , , , , , , , , , , , , , , , , , , , , , ,F,F,F,F,F,F,F,D,D,D,D,D,D,D, , , , , , , , , , , , ,F,E,D,D,D,D,D
Cass,I,17,30327,48067, , , , , , , , ,G,G,G,G,G,G,G,G,G,G,G,G,G,G,G,G, , , ,G,G,G,G,G,G,F,F,F,F,F,F,F,G,G,G,G,G,G,G,G,G,G,G,G,G,G,G,F,F,G, , ,G,G, , ,G,G,G,G,G,G,G,G,G,F,F,F,F,F,F,F,G,G,G,G,G,G,G,G,G,G,G,G,G,G,G,G,G,G,G,G,G,G,G,G,G,G,G,F,F,F,E,E,E,E,E,F,F,F,E,D,C,C,B,B,B,B,B,B,B,B,B,A,A,A,A,A,A,A,C,C,C
Castro,D,2,7103,48069, , , , , ,F,F,E,E,D,B,B,B,B,B,B,B,E,E,E,E,E,E,E,E,F, ,F,F,F,F,F,F,F, , , ,F,E,E,E,E,E,E,F, ,E,E,E,B,B,B,B,B,B,B,B,B,C,D,B,C,C,C,B,C,C,C,B,B,B,C,C,D,F,F,F,F,F,F,E,E,E,E,E,D,C,D,B,B,B,B,A,A,A,A,B,B,A,A,A,A,A,A,A,A,A,A,A,A,A,A,A,A,A,A,A,A,A,A,A,A,A,A,A,A,A,A,A,A,B,B,B,E,A,A,A,A,A,A,A
Chambers,K,24,42320,48071, , , , , ,G,G,G,G,G,G,G,G,G,G,F,F,F,F,F,F,F,F,F,E,E,E,D,D,E,E,F,F,F,F,F,F,G,F,F,F,F,F,F,G,G,G,G,G,G,G,G,F,G,G,G,G,G,G,G,G,G,G,G,G,F,F,F,F,F,F,F,G,G,F,F,F,F,F,F,F,F,F,F,F,E,E,D,C,C,B,B,B,B,B,B,B,B,B,B,B,A,A,A,A,A,A,A,A,A,A,A,A,A,A,A,A,A,A,A,A,A,A,A,A,A,A,A,A,A,A,A,A,A,A,A,A,A,A,A,A
Cherokee,J,22,52178,48073, , , , , , , , , , , ,G,G,G,G,G,G,G,G,G,G,G,G,G,G,G,G,G,G,G,G,G,G,G,G,G,G,G, ,G,G,G,G,G,G,G,G,G,G,G,G,G,G,G,G,G,G,G,G,G,F,E,E,E,F,F,E,F,F,F,F,G,G, ,G,G,G,G,G,G,G,G,F,F,F,F,G,G,G,G,G,G,G,G,F,F,F,F,F,E,E,D,D,B,B,B,B,B,A,A,A,A,A,A,A,A,A,A,A,A,A,A,A,A,A,A,A,A,A,A,A,A,A,A,A,A,A,A,A,A,A
Childress,D,6,7062,48075, , , , , , , , , , , , , , , , , , , , , , , , , , , , , , , , , , ,F,F,F,F,F,F,F, , , , , , , , , , , , , , ,F,F,F,F,F,F,F, , , , , , , , , , , , , , , , , , , , , , , ,E,C,C,C,C,C,C,E, , , , , , , ,F,F,E,F,F,F,F, , , , , , , , , , , , , , , ,F, ,E,E,E,E,B,B,B,A,A,A,A,A,A,A,A,A,A
Clay,F,14,9787,48077, , , , , , , , , , , , , , , , ,G,G,G,G,G,G,G, , , ,G,G,G,G,F,F,F,G,G,G,G, , , , , , , , , , , , , , , , , , , , , , , , , , , , , , , , , , , , , , , , , ,G,G,F,F,F,F,F,G,G, , , , , , , , , , , , , , , , ,G,G,G,F,E,E,E,E,E,E,F,D,D,D,B,B,B,B,C,C,C,E,E,E, ,G,F,E,C,C,C,B,B,B,B,B,B,B
Cochran,D,21,3348,48079, , , , , , , , , , , , , , , , , , , , , , , , , , , , , , , , , , , , , , ,E,E,E,E,E,E,E, , , , , , , , , , , , , , , , , , , , , , , , , , , , , , , , , , , , , , , , , , , , , , , , , , , , , , , , , , , , , , , , , , , , ,C,B,B,A,A,A,A,B,B,B,C,B,B,B,B,E,C,C,C,C,C,A,A,A,A,A,A,A
Coke,C,25,3215,48081, , , , , , , , , , , , , , , , , , , , , , , , , , , , , , , , , , , , , , , , , , , , , , , , , , ,E,E,E,E,E,E,E, , , , , , , , , , , , , , , , , , , , , , , , , , , , , , ,E,B,B,B,B,B,B,C, , , , ,E,E,E,E,E,E,E, , , , , , , , , , ,E,E,E,E, , ,E,B,B,B,B,A,A,A,A,A,A,A,A,A,A,A,A,A,A
Coleman,G,22,8478,48083, , , , , , , , , , , , , , , , , , , , , , , , , , , , , , , , , , , , , , , , , , , , , , , ,G,G,G,G,G,F,F,G,G,G,G,G, , , , , , , , , , , , , , ,G,G,G,G,G,G,F,G,G, , , , , , , , , , , , , , , , , , , , , , , , , , , , , , , , ,G,G,F,F,F,F,F,G,G,F,F,F,F,F,F,E,G,F,F,F,E,F,E,D,F,F,F
Collin,H,12,1039369,48085,G,G,G,G,G,G,G,G,G,G,G,G,G,G,G,G,G,G,G,G,G,F,F,F,F,F,F,F,F,F,G,G,G,G,G,G,G,G,G,G,G,G,G,G,G,G,G,G,G,G,G,G,G,G,G,G,G,G,G,G,G,G,G,G,G,G,G,G,G,G,G,G,G,G,G,F,F,F,F,F,F,F,F,F,G,F,F,F,G,F,F,F,F,E,E,D,E,D,D,D,D,D,D,D,D,D,C,C,C,C,B,B,B,B,B,B,B,B,B,B,B,B,B,B,B,B,B,B,B,B,D,D,D,E,D,D,E,C,C,C,C
Collingsworth,E,35,3210,48087, , , , , , , , , , , , , , , , , , , , , , , , , , , , , , , , , , , , , , , , , , , , , , , , , , ,E,E,E,E,E,B,B,B,B,B,B,B, , , , , , , , , ,E,E,E,E,E,E,E, , , , , , , , , , , , , , , , , , , , , , , , , ,E,E,E,E,E,E,E, , , , , , , , , , , , , , , , , , , , , , , , , , ,E,E,E,E,E
Colorado,M,33,21273,48089, , , , , , , , , , , , , , , , ,G,G,G,G,G,G,F,F,F,F,F,F,F,F,G,G,G,G,G,G,G,G,F,F,G,G,G,G,G, ,G,G, , , ,G,G,G,F,E,E,E,E,E,F,G,G,G,F,G,G,G,G,G,G,G,G,F,F,F,F,G,F,G,G,G,G,G,G,F,F,F,E,D,D,D,D,C,B,B,B,B,B,B,B,B,B,B,A,A,A,A,B,B,B,B,B,B,B,A,A,A,A,A,A,A,A,A,B,B,B,A,A,A,A,A,A,A,B,B,B,B,B,B,C
Comal,M,1,147330,48091, , , , , , ,G,G,G,G,G,G,G,G,G,G,G,G,G,G,G,G,G,G,G,G,G,G,G,G,G,G,G,G,G,G,G,G,G,G,G,G,G,G,G,G,G,G,G,G,G,G,G,G,G,G,G,G,G,G,G,G,G,G,G,G,G,G,G,G,G,G,G,G,G,G,G,G,G,F,F,F,F,F,G,F,F,F,F,F,E,E,F,D,D,D,C,B,B,B,B,B,B,B,B,B,B,B,A,A,A,A,A,A,A,A,A,A,A,A,A,A,A,A,A,A,A,A,A,A,A,A,A,A,A,B,A,B,B,B,B
Comanche,G,24,13075,48093, , , , , , , , , , , , , , , , ,G,G,G,G,G,G,F,F,F,F,F,F,F, , , , , , , , , , , , , , , , , , , , , , , , , , , , , , , , , , , ,F,F,F,D,D,D,D,E,E,E,G,F,F,F,F,F,F,G, , , , , , , , , , ,F,F,F,F,F,F,F, , , , , , , ,F,E,E,D,D,D,D,E,D,D,E,E,E,E,B,C,C,C,B,B,B,B,B,A,A,A,A,A,A,A,A,A,A,A,A
Concho,B,1,4147,48095, , , , , , , , , , , , , , , , , , , , , , , , , ,F,F,F,F,F,F,F, , , , , , , , , , , , , , , , , , , , , , , , , , , , , , , , , , , , , , , , , , , , , , , , , , , , , , , , , , , , , , , , ,F,F,F,F,F,B,B,B,B,B,A,A,B,B,B,B,B,D,D,B,B,D,D,B,B,B,B,B,B,B,D,B,B,B,B,B,B,B,B,B,B,D,B,B,B
Cooke,H,1,39727,48097, , , , , , , , , , , , , , , , , , , , , , , , , ,G,G,G,G,G,G,G,G,G,G,G,G,G,G,G,G,G,G, ,G,G,G,G,G,G,G,G,G,G,G,G,G,G,G,G,G,G,G,G,G, , , , , , , , , ,G,G,G,G,G,G,F,F,F,F,F,G,G,G,G,G,G,G,G,F,G,G,G,G,G,F,G,G,G,F,F,F,E,E,E,B,C,C,C,C,B,B,C,C,C,C,B,C,C,B,B,B,B,B,A,A,B,B,B,B,B,B,C,B,B,B,B
Coryell,L,12,78317,48099, , , , , , , , ,G,G,G,G,G,G,G, , , ,G,G,G,G,G,F,F,F,E,E,E,E,C,C,C,D,D,D,C,E,F,E,E,E,E,F,F,B,B,B,B,B,B,B,C,C,C,C,C,E,E,F,F,F,F,F,F,G,G,G,G,G,G,G,G,G,G,G,B,B,B,B,B,B,B,G,G,F,G,G,G,G,F,F,G,G,G,G,G,G,F,F,F,F,E,F,F,F,G,G,F,G,G,G,G,G,E,F,D,B,B,B,B,B,B,C,E,D,E,E,C,B,B,B,A,A,A,A,B,B,B,B,C
Cottle,D,16,1510,48101, , , , , , , , , , , , , , , , , , , , , , , , , , , , , , , , , , , , , , , , , , ,C,C,B,B,B,B,B,C,B,C,C,C,B,B,B,C,C,C,C, , , , , , , , , , , , , , , , , , , , , , , , , , , , , , , , , , , , , , , , , , , , , , , , , , , , , , , , , , , , , ,C,C,B,B,B,B,B,C,C,C,C,C,A,A,A,A,A,A,A
Crane,C,31,6209,48103, , , , ,F,F,F,F,F,F,F, , , , , ,F,F,F,F,F,F,F, , , , , , , , , , , , , , , , , , , , , , , , , , , , , , , , , , , , , , , , , , , ,F,B,B,B,A,A,A,A,A,A,A,F,D,D,D,C,C,C,C,D,B,B,B,B,B,B,A,B,A,A,A,A,A,B,A,C,B,C,C,D,B,A,B,B,A,A,A,B,B,B,B,C,C,C,D,E,E,E,F,F,F,F,F,F, , , , ,F,F,B,B,A,A,A
Crockett,B,11,4040,48105, , , , , , , , , , , , , , , , , , , , , , , , , , , , , , , , , , , , , , , , , , , , , , , , , , , , , , , , , , , , , , , , , , , , , , , , , , , , , , , , , ,F,F,F,F,B,B,B,B,B,B,B,F, , , , , , , , , , ,D,D,B,B,B,A,A,A,A,B,A,A,A,A,A,A,A,A,A,A,A,A,A,A,A,A,A,A,A,A,A,A,A,A,A,A,A,A
Crosby,D,24,6464,48107, , , , , , , , , , , , , , , , , , , , , ,F,F,F,F,F,F,F, , , , , , , , , , , ,F,F,F,F,F,F,F, , , , , , , , , , , , , , , , ,F,F,F,F,F,F,F, , , , , , ,F,F,F,F, , , , , , , ,F,F,F,F,F,F,C,C,C,C,C,C,C,E,B,B,B,B,B,B,A,A,A,A,A,A,A,B,B,B,B,B,B,B,B,B,F,E,F,F,F,F,E,E,B,A,A,A,A,A,A,A,B,B,B
Culberson,A,3,2245,48109, , , , , , , , , , , , , , , , , , , , , , , , , , , , , , , , , , , , , , , , , , , , , , , , , , , , , , , , , , , , , , , , , , , , , , , , , , , , , , , , , , , , , , , , , , , , , , , , ,D,D,D,B,B,B,B,B,B,B, , , , , , , ,D,D,B,B,B,B,B,B,B,B,A,A,A,A,A,A,A,B,D,D,D,B,B,B,D,D,D,D
Dallam,E,1,7237,48111, , , , , , , , , , , , , , , , , , , , , ,G,G,G,G,G,G,G, ,G,G,G,F,F,F,G, ,G,G,G,C,C,B,B,B,B,B,D,D,C,F, , ,G,G,G,G,B,B,B,B,B,B,B,F,G, , ,F, , ,D,D,B,B,E,E,E,D,C,E,F,F,F,F,E,C,B,B,B,B,B,B,B,B,A,A,A,A,A,A,A,A,A,A,A,A,B,A,A,B,B,B,A,A,A,A,A,A,A,A,A,A,A,A,A,A,A,A,A,A,A,A,A,A,A,B,C,B,B,B
Dallas,H,22,2734111,48113,G,G,G,G,G,G,G,G,G,G,G,G,G,F,F,F,F,F,F,F,F,F,F,F,F,F,F,F,F,F,F,F,F,F,F,F,F,F,F,F,F,F,F,F,F,F,E,E,E,E,D,D,D,C,C,C,C,C,C,C,C,C,C,C,C,C,D,D,D,D,D,D,D,D,D,D,D,D,D,D,C,C,C,C,C,C,B,B,B,B,B,B,B,B,B,B,B,B,B,B,B,B,B,B,B,B,B,B,B,A,A,A,A,A,A,A,A,A,A,A,A,A,A,A,A,A,A,A,A,A,A,A,A,A,A,A,A,A,A,A,A
Dawson,C,2,13592,48115, , , , , , , , , , , , , ,G,G,F,F,F,F,F,F,F,F,F,F,F,F,F,E,F,F,F,D,D,D,E,D,D,B,D,D,C,C,D,D,D,D,C,E,E,C,C,D,D,E,E,E,G,F,F,D,C,C,C,C,D,D,F,G,G,G,F,G,G,F,F,F,F,F,F,E,E,F,F,F,F,F, , , , , , , , , , , , , , , , , , , ,D,D,B,B,A,A,A,B,B,B,B,B,B,B,A,A,A,A,A,A,A,B,B,B,B,B,B,B,A,B,A,B,B,B,B
Deaf Smith,E,31,18143,48117, , , , , ,G,G,G,G,G,G,G,G,G,G, , , ,G,F,F,F,F,F,F,F,G,G,G,F,F,F,F,F,F,F,F,F,E,D,D,D,B,C,C,B,D,B,B,C,C,B,D,B,C,B,B,A,A,A,A,A,A,A,A,A,A,A,A,A,A,B,B,B,D,E,E,E,E,D,F,C,C,C,C,B,B,A,A,A,A,A,A,A,A,A,B,B,A,A,A,A,A,A,A,A,A,A,A,A,A,A,A,A,A,A,A,A,A,A,A,A,A,A,A,A,A,A,A,A,A,A,A,A,A,A,A,A,A,A,A
Delta,I,11,5367,48119, , , , , , , , , , , , , , , , , , , , , , , ,F,F,F,F,F,F,F, , , , , , , , , , , , , , , , , , , , , , , , , , , , , , , , , , , , , , , , , , , , , , , , , ,F,F,F,F,F,F,F, , , , , , , ,F,F,E,E,E,E,E,E,E,F,F,F,E,E,F,E,E,E,E,F,F,F, , , ,F,F,E,E,E,E,E,E,D,E,D,D,D,D,E,F,F,F,F,E,E,B,B
Denton,H,11,897953,48121, ,G,G,G,G,G,G,G,G,G,G,G,F,F,F,F,F,F,F,F,F,F,F,F,F,F,F,F,F,F,F,F,F,F,G,G,G,G,G,G,G,G,G,F,G,G,G,G,G,G,G,G,G,G,G,G,G,F,F,F,F,F,F,F,F,F,F,F,F,F,F,F,F,G,F,G,F,F,F,F,F,F,F,F,F,F,F,F,F,F,F,F,F,E,E,E,E,D,D,D,D,C,C,C,C,C,C,C,C,C,C,B,B,B,C,B,B,C,B,B,B,B,B,B,B,B,B,B,B,B,B,B,B,B,B,B,B,B,B,B,B
DeWitt,M,31,21737,48123, , , ,G,G,G,G,G,G,G,G,G,G,G,G,G,G,G,G,G,F,F,F,G,F,G,G,G,G,G,G,G,G,F,F,F,F,F,F,F,G,G,G,G,G,G,G, , , , , , , , , , ,G,G,G,G,G,G,G, , , , , , , , , , , , , , , , , ,G,G,G,G,F,E,E,E,D,D,D,E,E,D,E,E,E,E,D,D,E,D,B,B,B,C,B,B,A,A,A,A,A,A,A,A,A,A,A,A,A,A,A,A,A,A,A,A,A,A,A,A,A,A,A,A,A,B,B,B
Dickens,D,25,2174,48125, , , , , , , , , , , , , , , , , , , , , , , ,D,D,D,B,B,D,D, , , , , , , , , , , , , , , , , , , , , , , , , , , , , , , , , , , , , , , , , , , , , , , , , , , , , , , , , , ,D,D,D,D,D,D,D, , , , , , , , , , , , , , , , , , , , , , , , , , , ,B,B,B,B,B,B,B, , , , , , , , , , , , 
Dimmit,N,22,11743,48127, , , , , , , , , , , , , , , , , , , , , , , , , , ,G,G,G,G,G,G,G, , , , , , , , , , , , , , , , , , , , , , , , , , , , , , , , , , , , , , , , , , , , , , , , , , , , , , , , , , , , , , ,F,F,F,F,F,F,E,D,C,C,C,B,B,C,E,F,F,F,D,D,B,A,A,A,A,A,A,B,A,A,A,A,A,A,A,A,A,A,A,A,A,A,A,A,A,A
Donley,E,34,3410,48129, , , , , , , , , , , , , , , , , ,E,A,A,A,A,A,A,A,A,A,A,A,A,A,A,C, ,E,E,C,C,E,E,E,E,E, , , , ,E,E,E,E,E,E,E, ,E,E, , , ,E, , , ,C,E,E, ,E,E, , , , , , , , , , ,E,E,E,E,E,E,E, ,E,E,E,E,E, , , , , , , , , , , , , , , , , , , , ,E,E,E,E,A,A,A,A,A,A,A,B,B,B,C,B,B,B,B,B,B,A,A,A,A,A,A,A
Duval,O,2,11796,48131, , , , , , , , , , , , , , , , , , , , , , , , , , , , , ,G,G,G,G,G,G,G, , , , ,G,G,G,G,G,G,G,G,G,G,G,G,G,G,F,F,F,F,F,F,F, , , , ,G, , , , , , , , , , , , , , , , , , , , , , , , , , , , , , , , , ,G,F,F,E,D,B,B,A,A,A,A,A,A,A,A,A,B,A,A,A,A,A,A,A,A,A,A,A,A,A,B,A,A,A,A,A,A,A,A,A,A,A
Eastland,G,13,18205,48133, , , , , , , , ,G,G,G,G,F,F,F,G,G,G,G, , , , , , , , , , , , , , , , , , , , , , , , , , , , , , , , , , , , , , , , ,G,G,G,G,G,G,G,G,G, , , , ,G,G,G,G,G,G,G,G,G,G,G,G,G,G, , , , , , , , , , , , , , ,G,G,G,G,G,G,F,G,G,F,G,G,G,G,F,E,E,D,D,D,D,E,F,E,D,D,D,B,B,B,B,D,D,D,E,C,B,B,C,C,C
Ector,C,21,184841,48135, , , , , , , , , , , , , ,G,G,G,G,G,G,G,G,G,G,G,G,G,G,G,G,G,G,G,G,G,G,G,G,G,G,G,G,G,G,G,G,G,G,G,G,G,G,G,G,G,G,G,G,G,G,G,G,G,G,G,G,G,F,F,F,F,F,F,F,G,G,G,G,G,G,G,G,F,F,F,F,F,F,F,F,F,F,F,E,E,E,E,D,D,D,D,C,B,B,B,B,B,B,B,B,B,B,B,B,A,A,A,A,A,A,A,A,A,A,A,A,A,A,A,A,B,B,A,A,A,A,A,A,A,A,A,A
Edwards,B,22,1991,48137, , , , , , , , , , , , , , , , , , , , , , , , , , , , , , , , , , , , , , , , , , , , , , , , , , , , , , , , , , , , , , , , , , , , , , , , , , , , , , , , , , , , , , , , , , , , , , , , , , , , , ,B,B,B,B,B,B,B, , , , , , , , , ,B,A,A,A,A,A,A,A,A,A,A,A,A,A,A,A,A,A,A,A,A,B,B,B
El Paso,A,1,876120,48141,G,G,G,G,G,G,G,G,G,G,G,G,G,G,G,G,G,G,G,G,G,G,G,G,F,F,F,F,F,F,F,F,F,F,F,F,F,F,E,F,F,E,E,E,E,F,E,E,F,F,F,F,F,E,E,E,E,E,E,E,D,D,D,D,C,C,C,C,C,B,C,C,C,C,D,D,D,D,D,D,C,C,C,C,C,B,B,C,D,C,D,C,D,D,D,D,C,B,B,B,B,B,B,B,B,B,A,A,A,A,A,A,A,A,A,A,A,A,A,A,A,A,A,A,A,A,A,A,A,A,A,A,A,A,A,A,A,A,A,A,A
Ellis,H,33,177721,48139, , , , ,G,G,G,G,G,G,G,G,G,G,G,G,G,G,G,G,G,G,G,G,G,F,F,F,F,F,F,F,G,G,G,G,F,F,F,F,F,F,F,F,F,F,F,F,F,F,F,F,F,F,F,F,F,F,F,F,F,F,F,F,F,F,F,F,F,F,F,F,F,F,F,F,F,F,F,F,F,E,F,F,F,E,D,D,D,D,D,D,E,E,E,E,E,E,E,D,B,B,B,B,B,B,A,B,B,A,A,A,A,A,A,A,A,A,A,A,A,A,A,A,A,A,A,A,A,A,A,A,A,A,B,A,B,B,B,B,B
Erath,G,25,41526,48143, , , , , , , , ,G,G,G,G,G,G,G, ,G,G,G,F,F,F,F,F,F,F,G,G,G,G,G,G,G, , , , , , , , , , , , , , , , , , ,G,G,G,G,G,G,G,G, ,G,G,G,G,G,G, , , , , ,G,G,G,G,G,G,G,G,G,G,F,F,F,F,E,E,E,F,F,F,F,F,E,E,E,F,F,F,F,C,C,C,C,C,C,B,D,B,A,A,A,A,A,A,A,A,A,A,A,A,A,A,A,A,A,A,A,B,A,A,A,A,A,A,A,A,A,A,A,A
Falls,L,23,16603,48145, , , , , , , ,G,G,G,G,G,G,G, , , , , , , , , , , , , , , , , , , , , , , , , , , ,G,G,G,F,F,F,F,G,G,F,G,G,G,G,G,G, , , , , , , , , , , , , , , , , , ,G,G,G,F,F,F,E,F,F,F,F,F,F,F,F,E,E,E,E,D,D,D,E,E,D,E,F,F,F,F,E,F,E,E,E,D,D,D,E,B,B,B,B,B,B,B,B,B,B,C,B,B,B,B,A,A,A,A,A,A,A,B,C,D,D,D
Fannin,H,3,34597,48147, , , , ,G,G,G,G,G,G,G, , , , , , , ,G,G,G,G,G,G,G,G,G,G,G,G,G,G, ,G,G,G,G,F,F,F,F,F,F,F,F,F,F,G,G,G,G,G,F,F,G,G,G,G,G,G,G,G,G,G,G,G,F,E,F,F,F,E,F,F,G,F,F,F,G,G,G,G,G,G,G,F,F,E,E,E,E,E,F,F,E,E,E,E,E,E,C,D,D,D,D,D,C,F,E,B,B,B,B,B,B,B,B,B,B,B,C,B,C,B,B,B,B,B,B,B,D,C,C,C,C,B,B,B,B,B,B
Fayette,M,22,26086,48149, , , , , , , , ,G,G,G,G,G,G,G,G,G,G,E,E,E,F,F,F,F, , , ,G,G,G,F,F,F,F,F,F,G,G, , , , , , , , ,G,G,G,G,G,F,F,E,E,E,E,E,E,F,F,F,F,F,F,G,F,G,G,G,G,G,G,G,G,G,G,G,F,F,F,F,F,F,F,G,F,F,F,F,F,F,D,E,E,C,C,B,B,B,B,B,C,B,B,C,C,B,B,B,B,C,C,A,A,A,A,A,A,A,A,A,A,A,A,A,A,A,A,A,A,A,A,A,A,B,B,B,B,B
Fisher,C,5,3985,48151, , , , , , , , , , , , , , , , , , , , , , , , , , , , , , , , , , , , , , , , , , , , , , , , , , , , , , , , , , , , ,F,F,F,F,D,D,D,F,F,F,F, , , , , , , , , , , , , , , , , , , , , , , , , , , , , , , , ,B,B,B,B,B,A,A,B,A,A,A,A,B,F,B,D,D,B,B,B,B,A,A,A,A,A,A,A,F,F,F,F, , ,F,F,F,F
Floyd,D,14,5786,48153, , , , , , , , , , , , , , , , , , , , , , , ,F,F,F,F,F,F,F,F,F,F,F,F,F,F, ,F,F,F,F,F,F,F, , , , , ,F,F,F,F,F,F,F, , , , , , , ,F,F,F,F,F,F,F, ,E,D,B,B,B,B,B,B,B,B,B,B,B,B,F,F, , , , , , ,F,E,E,E,D,B,B,B,C,C,C,D,B,A,A,A,A,A,A,A,A,A,A,A,A,A,B,A,A,A,A,A,A,A,E,E,C,C,C,D,A,A,A,A,A,A,A
Foard,F,2,1240,48155, , , , , , , , , , , , , , , , , , , , , , , , , , , , , , , , , , , , , , , , , , , , , , , , , , , , , , , , , , , , , , , , , , , , , , , , , , , , , , , , , , , , , , , , , , , , , , , , , , , , , , , , , , , , , , , , , , , , ,B,B,B,B,B,B,B, , , , ,B, , ,B,B,B,B, ,B,B, , , , 
Fort Bend,K,21,840383,48157,G,G,G,G,G,G,G,G,G,G,G,G,G,G,G,G,G,F,F,F,F,F,F,E,E,E,E,E,E,F,F,F,F,E,F,E,E,F,E,F,F,F,F,F,F,F,F,F,F,F,F,E,E,E,E,E,F,F,F,F,F,F,F,F,F,F,F,F,F,F,F,F,F,F,F,F,F,F,F,F,F,E,E,E,E,E,E,E,E,E,E,E,E,E,D,D,C,C,B,B,B,B,B,B,B,B,B,B,B,B,C,D,D,C,C,C,C,C,B,B,B,B,B,B,B,A,A,B,B,B,B,B,C,C,B,B,B,B,B,B,B
Franklin,I,13,10924,48159, , , , , , , , , , , , , ,G,G,G,G,G,G,G, , , , , , , , , , , , , , , , , , , , , , , , , , , ,G,G,G,G,F,F,F,G,G,G,G, ,G,G,F,F,F,E,D,E,D,D,C,D,D,D,D,E,E,F,E,E,E,D,D,E,E,F,D,D,D,D,B,B,B,D,C,D,D,E,D,D,B,D,D,B,B,B,B,D,D,B,B,B,B,B,B,B,D,D,D,C,B,B,B,B,B,B,B,B,C,B,D,B,B,B,B,B,B,B,D,D,D,D
Freestone,J,1,19860,48161, , , , , , , , , , , , , , , , , , , , , , , , , , , , , , ,G,G,G,F,F,F,F,G,G,G, , , , , , ,G,F,F,F,F,F,F,G,G, , , , ,G, , , , , , , , ,F,F,F,F,F,F,F, , , , , , , ,G,G,G,G,F,G,F,F,F,F,F,F,E,F,F,F,F,F,F,G,F,G,G,D,E,D,D,D,C,C,D,D,A,A,A,A,A,A,A,B,B,B,B,B,B,A,B,A,A,A,A,A,A,A,B,B,D,D,D
Frio,N,13,20023,48163, , , , , , , , , , , , , , , , , , , , , , , ,G,G,G,G,G,G,G, , , , , , , , , , ,G,G,G,F,E,E,E,F,E,E,E,F,B,B,B,B,B,B,B,D,D,G,G,G,G,G,G,G, ,G,G,G,G,G,G,G,G,G,G, , ,F,F,D,D,C,B,B,B,B,A,A,A,B,A,A,A,A,A,A,A,A,A,A,A,A,A,A,A,A,A,A,A,A,B,A,A,A,A,A,A,A,A,A,D,A,A,A,A,A,A,A,A,A,A,A,A,A,A,A,A
Gaines,C,1,22121,48165, , , , , , , , , ,G,G,G,G,G,G,G, , , , , , , , , , , , ,G,G,G,G,G,G,G, , , , , , , , , , , , , , , ,G,G,G,G,G,G,G,G,G,G,G,G,G,G,G,G,G,G,G,G,G, ,G,G,G,G,G,G,G, , , ,G,G,G,G,G,G,G,F,F,F,F,F,F,F, , , , , ,G,G,G,G,G,G,G,D,D,C,C,C,C,B,C,C,C,C,C,C,D,D,C,C,C,C,C,B,B,A,B,B,B,A,A,A,A,A,A,A
Galveston,K,23,355196,48167,G,G,G,G,G,G,G,G,G,G,G,G,G,G,F,F,F,F,F,F,D,D,D,D,D,D,C,E,E,E,E,E,E,F,F,E,F,F,F,F,F,F,F,F,F,F,F,F,F,F,E,E,F,F,F,F,G,G,G,G,G,G,G,G,G,G,G,G,G,G,F,G,G,F,F,F,F,F,F,F,F,E,E,D,D,D,D,C,C,B,B,B,B,B,B,B,B,A,A,A,A,A,A,A,A,A,A,A,A,A,A,A,A,A,A,A,A,A,A,A,A,A,A,A,A,A,A,A,A,A,A,A,A,A,A,A,A,A,A,A,A
Garza,D,34,6784,48169, , , , , , , , , , , , , , , , , , , , , , , , , , , , , , , , , , , , , , , , , , , , , ,F,F,D,D,D,D,D,E,E, , , ,F,F,F,F,F,F,F, , , , ,F,F,F,F,F,F,F, , , , ,F,F,F,F,F,F,F,F, , , , , ,F, ,F,F,F,F,F, , ,C,C,B,B,B,B,B,F,F, , , ,E,B,B,B,B,B,B,B,A,A,A,A,A,A,A,A,A,A,A,A,A,A,A,B,B,D,D,D
Gillespie,B,18,26191,48171, , , , , , , , , , , , , , , , , ,G,G,G,G,G,G,G, , , , , , , , , , , , , , , , , , , , , , ,G,G,G,G,G,G,G,G,G,G, , , , , , , , ,G,G,G,G,G,G,G, , , , , , , , , , , , , , , , , , ,G,G,G,F,F,F,E,E,E,E,D,B,B,C,C,C,C,B,D,E,E,D,D,D,F,E,D,B,B,B,B,C,C,C,C,A,A,A,A,A,A,A,B,B,B,A,B,B,B,C,C,C
Glasscock,C,23,1365,48173, , , , , , , , , , , , , , , , , , , , , , , , , , , , , , , , , , , , , , , , , , , , , ,B,B,B,B,B,B,B, , , , , , , , , , , , , , , , , , , , , , , , , , , , , , , , , , , , , ,B,B,B,A,A,A,A,A,A,A,A,A, , , , , , , , , , , , , ,B,B,B,B,B,B,B, , , , , , , , , , , , , , , , , , , , 
Goliad,N,27,7717,48175, , , , , , , , , , , , , , , , , ,G,G,G,G,E,E,E,F,E,E,E,G,G,F,F,G,G,G,G,F,G,G,G,G,F,F,G,G,G,G,G, , , , , , , , , , , , , , , , , , , , , , , , , , , , , , , , , , , , , , , , , , , , , , , , , , , , , ,G,G,C,C,C,B,B,B,B,E,E,F,G,G,B,A,A,A,A,A,A,B,D,G, , ,G,A,A,A,A,A,A,A,A,A,A,B,B,B
Gonzales,M,21,21347,48177, , , , , , , , , , , , , , , , ,G,G,G,G,G,G,G, ,G,G,G,G,G,G,G, , , , , , ,G,G,G,E,D,D,C,B,B,B,B,B,B,B,C,D,D,B,B,B,B,A,A,A,A,B,B,B,B,B,B,B,C,E,F,C,B,B,A,A,A,A,A,A,B,B,B,B,B,C,C,D,B,B,B,B,B,B,A,A,A,A,A,A,A,A,A,A,A,A,A,A,A,A,A,A,A,A,B,B,B,A,A,A,A,A,A,A,A,A,A,A,A,A,A,A,A,A,A,A,A,A,A,A
Gray,E,24,24252,48179, , , , , , , , , , , , , , , , ,G,G,G,F,F,E,E,E,D,D,E,E,F,F,G,F,F,F,F,F,E,E,D,C,B,B,B,B,B,B,B,B,B,B,B,B,B,C,C,B,E,E,F,F,C,B,C,B,B,B,B,E,F,F,G,G,G,G,G,G,G,G,F,F,F,E,F,F,F,F,F,F,E,E,E,E,F,F,F,G,G,G,G,G,G,G, ,G,G,G,G,F,F,F,E,E,E,E,E,E,D,D,D,D,D,E,D,E,F,F,E,E,F,F,D,D,D,E,B,B,B,B,B,B,B
Grayson,H,2,131710,48181, , , , , , , , ,G,G,G,G,G,G,G,G,G,G,G,G,G,G,G,G,G,G,G,G,G,G,G,G,G,G,G,G,G, , , ,G,G,G,G,G,G,G,G,F,F,F,F,F,E,E,E,E,E,E,D,E,D,D,D,D,C,B,B,B,B,B,B,B,E,E,E,E,E,E,E,E,E,E,E,E,E,E,E,E,D,D,D,D,C,C,C,D,C,C,C,D,D,D,D,E,E,E,E,E,D,D,D,D,C,B,B,C,B,B,B,B,C,B,B,B,B,B,B,B,B,C,C,C,C,C,C,C,D,C,C,B
Gregg,I,24,125730,48183,G,G, , , , , , , , ,G,G,G,G,G,G,G,G,G,G,G,G,G,G,F,F,F,F,F,F,F,G,G,G,G,G,G,G,G,G,G,G,G,G,G,F,F,F,F,F,F,E,E,E,F,F,F,F,F,F,F,D,E,E,E,E,E,E,G,G,G,G,F,F,F,F,F,F,E,E,E,E,E,E,E,E,F,F,F,F,F,F,G,F,F,F,F,F,F,F,G,G,F,F,F,F,E,D,C,D,D,C,C,B,A,A,A,A,A,A,A,A,A,A,A,A,A,A,A,A,A,A,A,A,B,B,B,B,B,B,B
Grimes,K,1,28930,48185, , , , , , , , ,G,G,G,G,G,G,G,G,G,G,G,G,G,G,G,G,G,G,G,G,G,G,G,G,G,G,G,G,G,G,G,G,G,G,F,F,F,E,F,F,E,F,F,E,F,C,B,C,C,C,B,B,B,B,B,B,B,B,B,B,B,B,B,B,B,B,C,B,A,A,A,A,A,A,A,B,B,B,B,B,A,B,B,B,B,B,B,C,C,B,B,B,B,B,A,A,A,A,A,A,A,A,A,A,A,A,A,A,A,A,A,A,A,A,A,A,A,A,A,A,A,A,A,A,A,A,A,A,A,A,B,B,A
Guadalupe,M,11,170266,48187, , , , , , , , , ,G,G,G,G,G,G,G,G,G,G,G,G,G,F,F,F,F,G,G,G,G,G,G,G,G,G,G,G,G,G,G,G,G,G,G,G,G,G,G,G,G,G,G,G,G,G,G,G,G,G,G,G,G,G,G,G,G,G,G,G,G,G,G,G,G,G,G,G,G,G,G,G,G,G,G,G,G,G,G,G,G,F,F,F,F,F,B,B,B,B,A,A,A,A,A,A,A,A,B,B,B,B,B,B,B,B,B,B,B,B,B,B,B,A,B,A,A,A,A,A,A,A,B,B,B,B,B,B,C,D,D,D
Hale,D,13,33202,48189, , , , , , , , , , , ,G,G,G,G,G,G,G,F,F,F,F,F,F,F,G,F,G,G,G,G,G,G, ,G,G,G,F,F,F,F,F,F,F,F,F,F,F,E,E,F,F,E,E,E,F,F,E,F,G,F,F,F,F,E,F,F,E,E,E,E,F,F,F,G,G,G,G,G,G,G,G,G,G,G,G,F,F,D,D,B,B,B,B,B,B,A,A,A,A,A,A,A,A,A,A,A,A,A,A,A,A,A,A,A,A,A,A,A,A,A,A,A,A,A,A,A,A,A,A,A,A,A,A,A,A,A,A,A,A,A
Hall,D,5,3305,48191, , , , , , , , , , , , , , , , , , , , , , , , , , , , , , , , , , , , , , , , , , , , , , , , , , , , , , , , , , , , , , , , , ,E,E,E,E,C,C,C,E,E,E,E, , , , , , , , , , , , , , , , , , , , , , , , , , , , , , , , , , , , , , , , , , , , , , , , , , , , ,C,C,B,B,B,B,A,B,B,B,C,C,C
Hamilton,L,2,8220,48193, , , , , , , , , , , , , , , , , , , , , , ,G,G,G,G,F,F,F,G,F,F,D,E,E,E,E,F,F, , , , , , , , , , , , , , ,G,G,G,F,F,G,F,G,G,G, , ,G, , , , , , , , , ,G,G,G,G,G,F,F,G,G,G,F,F,G,F,F,F,F,C,B,B,B,B,B,B,D,G,G,G,G,G,G,G,G,G,F,E,E,F,F,B,B,B,B,B,B,A,A,B,A,B,A,A,A,B,B,B,A,B,B,B,C,C,D,F,F,G
Hansford,E,3,5820,48195, , , , , , , , , , , , , , , , , , , , , ,F,F,F,F,F,F,F, , , , , , , , , , ,F,F,D,D,D,C,C,C,C,E,D,D,B,B,B,B,B,B,B,E,E,C,D,C,C,C,D,C,D,D,E,E,E,E,F, , ,F,F,F,F,E,E,E,F,F,F,F,F,F,F,F,F,F,D,E,E,E,E,E,E,F,F,D,C,B,B,B,C,C,B,C,D,D,D,D,D, ,F,C,C,C,B,A,A,A,B,B,B,B,B,D,B,C,C,C,B,A,A,A,A,A,A
Hardeman,F,1,3870,48197, , , , , , , , , , , , , , , , , , , , , , , , , , , , , , , , , , , , , , , , , , , , , , , , , , , , , , , , , , , , , , , , , , , ,F,F,F,F,F,F,F, , , , , ,F,F,D,D,D,D,B,D,D,F,F,F,F, , , , , , , , , , , , , , ,F,F,F,F,F,F,F, , , , , , , ,F,F,F,F,F,F,F,D,B,B,B,B,B,B,B,B,B,B,B,B,B
Hardin,K,16,56486,48199, , , , , , , , , ,G,G,G,G,F,F,F,F,F,F,F,E,E,E,D,D,D,C,C,C,C,D,D,D,E,F,F,D,D,D,D,D,E,E,F,F,F,F,F,F,F,E,F,F,F,F,F,F,G,G,G,G,G,G,G,G,G,G,F,E,E,E,E,F,E,F,G,G,G,G,G,G,G,G,G,G,G,G,G,G,G,G,G,G,F,F,E,D,D,D,B,B,B,B,B,B,B,C,B,B,B,B,B,B,B,B,B,A,A,A,A,A,A,A,A,A,A,A,A,A,A,A,A,A,A,A,A,A,A,A,A,A
Harris,K,14,4978845,48201,G,G,G,G,G,G,G,G,G,G,G,G,G,G,G,G,G,G,F,F,F,F,F,E,E,D,D,D,D,E,E,E,F,F,F,F,F,F,F,F,F,F,F,F,F,F,F,F,F,F,F,F,F,F,F,F,F,F,F,F,E,E,F,E,E,E,E,E,E,E,E,F,E,E,E,E,E,F,E,E,E,E,E,D,D,D,D,D,D,D,D,D,D,D,D,D,B,B,B,B,B,A,A,A,A,A,A,A,A,A,A,B,A,A,A,A,B,B,A,A,A,A,A,A,A,A,A,A,A,A,A,A,A,A,A,A,A,A,A,A,A
Harrison,I,25,68247,48203, , , , , , , , , , , ,G,G,G,G,G,G,G,G,G,G,G,G,G,G,G,G,F,G,F,E,E,E,D,E,D,D,E,E,D,E,E,C,E,E,C,C,B,B,B,B,B,B,B,B,C,C,C,D,E,E,E,F,F,F,F,E,E,E,E,E,E,D,E,F,E,E,F,F,F,F,F,F,F,F,F,G,G,F,F,F,F,F,F,G,G,G,G,G,G,F,F,F,F,F,F,D,D,C,C,C,B,B,B,B,B,B,B,B,B,B,B,B,A,A,B,B,B,B,B,B,B,B,B,B,B,B,B,B,B,B
Hartley,E,11,6067,48205, , , , , , , , , , , , , , , , , , , , , , , , , , , , , , , , , , , ,F,F,F,E,C,C,C,D,D,D,E,F,F,F,F,D,D,D,E,D,D,D,E,E,E,E,F,F,F,E,E,E,E,E,E,E, , , , , , ,F,F,F,F,F,F,F, , , , , ,F,F,F,F,F,F,F, , , , , , ,B,A,A,A,A,A,A,A,A,A,A,A,A,A,A,A,A,A,A,A,A,B,A,A,A,A,A,A,A,A,A,A,A,A,B,C,F,F,F
Haskell,F,21,6197,48207, , , , , , , , , , , , , , , , , , , , , , , , , , , , , , , , , , , , , , , , , , , , , , , , , , , , , , , , , , , , ,F,F,F,F,E,E,E,F,F,F,F, , , ,F,F,F,F,F,F,F, , , , , , , ,F,F,F,F,F,F,F, , , , , , , , , , , ,F,F,F,F,F,F,F,F,F,E,F,F,F,F,E,A,A,A,A,A,A,A,B,B, ,B,B,B,B,B,B,B,B,B,B
Hays,M,2,234896,48209,G,G,G,G,G,G,G,G,G,G,G,G,G,G,G,G,G,F,G,F,F,F,F,G,F,F,F,G,G,G,G,G,G,G,G,G,G,F,G,G,F,F,F,F,G,G,G,G,G,G,G,G,G,G,F,F,F,G,F,F,G,G,G,G,G,G,F,F,F,F,F,F,F,F,F,F,F,F,E,E,E,E,F,F,F,E,E,D,B,B,B,B,A,A,A,A,A,A,A,A,A,A,A,A,A,A,A,A,A,A,A,A,A,A,A,A,A,A,A,A,A,A,A,A,A,A,B,A,B,B,B,B,B,B,B,B,B,B,C,C,C
Hemphill,E,15,4644,48211, , , , , , , , , , , , , , , , , , , ,F,F,F,F,F,F,F, , , , , , , , , , , , , , , , , , , , , , , , , , , , , , , , , , , , , , , , , , , , , , , , , , , , , , , , , , , , , , , , , , , ,F,F,F,F,F,D,D,F,C,B,B,B,B,B,B,B,A,A,A,A,A,A,A,B,B,B,B,A,B,B,D,C,C,C,F,B,B,A,A,A,A,A,A,A,A,A,A,A
Henderson,H,35,81179,48213, , , , , , , , , , , , , , , , ,G,G,G,G,G,G,G,G,G,G,G,G,G,G,G,G,G,G,G,G,G,G,G,G,G,G,G,G,G,G,G,G,G,G,G,G,G,G,G,F,F,F,F,F,F,F,G,G,G,G,G,G,G,G,G,G,G,G,G,G,G,G,G,G,G,G,G,G,G,F,G,G,G,F,F,F,G,F,F,F,F,F,F,F,F,F,F,F,F,F,E,E,E,D,D,C,C,B,B,B,B,B,B,B,A,A,A,A,A,A,A,B,B,A,A,A,A,A,B,B,B,B,B,B,B
Hidalgo,O,22,870366,48215, , , , , , , ,G,G,G,G,G,G,G,G,G,G,G,G,G,G,G,G,G,G,G,G,G,G,G,G,G,G,G,G,G,G,G,G,G,G,G,G,G,G,G,G,G,G,G,G,G,G,G,G,G,G,G,G,G,G,G,G,G,G,G,G,G,G,G,G,G,G,G,G,G,G,G,G,G,G,F,F,F,F,F,F,F,F,E,E,E,E,D,C,C,C,C,B,B,B,B,A,A,A,A,A,A,A,A,A,A,A,A,A,A,A,A,A,A,A,A,A,A,A,A,A,A,A,A,A,A,A,A,A,A,A,A,A,A,A
Hill,H,32,35673,48217, , , , , , , , , , , , , , ,G,G,G,G,G,F,F,G,G,G,G,F,G,G,G,G,G,G,G,G,G,G,G,G,F,F,F,F,F,G,G,G,G,G,G,G,G,G,G,G,G,G,G,G,G,G,G,G,G,G,G,G,G,G,G,G,G,G,G,G, , , , , , ,G,G,G,F,F,F,F,F,F,F,F,F,F,E,E,E,E,E,E,E,F,F,E,E,E,D,D,C,C,D,D,D,D,D,B,A,A,A,A,A,A,A,A,A,A,A,A,A,B,A,B,A,A,A,A,A,A,A,B,B,B
Hockley,D,22,24636,48219, , , , ,G,G,G,G,G,G,F,F,F,F,F,F,F,G,G, ,G,G,G,G,F,F,F,F,F,F,F,G,G,G,G,G,G,G,G,F,F,F,F,F,G,G,G, , , , , , , , , , , ,G,G,G,G,G,G,F,F,F,F,F,F,F,G, , , , , , , , , , , , , , , ,G,G,G,G,G,G,G,G,G,G,G,G,G,F,F,E,E,E,F,E,C,B,B,B,B,B,A,A,A,A,A,A,A,B,C,B,B,B,B,B,B,B,B,B,B,B,B,A,B,B,B,B,B,B
Hood,G,26,58643,48221, , , , , , , , , , , ,G,G,G,G,G,G,G,G,G,G,G,G,G,G,G,G,G,G,G,G,G,G,G,G,G, , , ,G,G,G,G,G,G,G,G,G,G,G,G,G,G,G, , , ,G,G,G,G,G,G,G,G,G,G,G,G,G,G,G,G,G,G,G,G,G,G,G,G,G,G,G,G,G,G,G,G,G,G,G,G,G,G,G, , , ,G,F,F,F,F,F,F,D,E,C,B,B,B,B,B,A,B,B,B,B,B,B,B,B,B,B,B,B,B,B,B,B,B,B,B,A,A,A,A,A,A,A
Hopkins,I,12,37040,48223, , , , , , , , ,G,G,G,G,G,G,G,G,G,G,G,G,G,G,G,G,G,G,G, , , , , , , , , , , , , , , , , , , , ,G,G,G,G,G,G,G,G,G,G,G,G,G,G,G, , , ,G,G,F,F,F,F,F,F,E,F,E,E,F,F,F,G,G,G,G,G,E,E,E,E,E,E,E,G,G,G,F,F,F,F,F,F,F,G,F,G,G,G,E,D,D,D,D,D,D,E,F,F,F,E,D,E,C,B,B,B,B,B,B,B,B,C,C,B,C,D,D,D,D,D,E,E
Houston,J,12,22620,48225, , , , , , , , , , , , , , , , , , , , , , , , , , , , , , , , , , ,G,G,G,G,F,F,F,G,G,F,F,G,G,G,G,G,G,F,F,F,G,F,F,F,D,A,A,A,A,A,A,A,D, , , , , , , ,C,C,A,A,A,A,A,A,A,A,A,A,B,E,G,F,F,F, , , , , , , ,F,E,D,D,D,D,D,E,F,E,F,D,D,D,D,D,D,D,F,C,B,B,B,B,B,B,B,B,B,A,A,A,A,B,B,B,C,D,E,D,C,C
Howard,C,13,41236,48227, , , , , , , , , , , , , , , , , , , , , , , , , ,G,G,G,G,G,G,G, , , , , , ,G,G,G,G,G,G,G,G, , , , ,G,G,G,G,G,G,G,G, , , , , , , , , , , , , , , ,G,G,G,G,G,G,G,G,G,G,G,G,F,F,F,F,F,F,F,F,F,F,F,F,F,F,F,F,F,F,F,F,F,F,F,F,F,F,F,F,E,D,D,D,C,C,C,E,E,E,D,D,D,D,C,C,B,B,B,B,B,B,C,B,B,B,B,B
Hudspeth,A,2,3400,48229, , , , , , , , , , , , , , , , , , , , , , , , , , , , , , , , , , , , , , , , , , , , , , , , , , , , , , , , , , , , , , , , , , , , , , , ,E,E,E,E,C,C,C,E,E,C,B,C,C,C,C,A,A,A,A,A,A,A,C,B,C,E,E,E,E,E, ,E,E,E,E,E,E,C,E,E,E,E,E,E, ,E,E,E,E,C,C,C,E,E,E,E, , , , ,E,E,E,E,E,E,E,B,B,B
Hunt,H,13,95324,48231, , , , , , , , ,G,G,G,G,G,G,G,G,G,G,G,G, , , ,G,G,G,G,F,F,F,G,G,G,G,G,F,G,F,G,G,G,G,G,G,G,G,G,G,G,G,G,G,G,G,G,G,G,G,G,G,G,G,G,G,G,G,G,G,G,G,G,G,G,G,G,G,G,G,G,F,F,E,E,E,E,E,D,D,C,B,C,C,C,B,B,C,C,B,B,B,B,B,A,B,A,A,A,B,A,A,A,A,A,A,A,A,A,A,A,A,B,A,A,B,B,B,B,B,B,B,B,B,B,B,A,B,B,B,B,B,B
Hutchinson,E,13,21461,48233, , , , , , , , , , , , , , , , , , , ,G,G,G,G,G,G,G, , ,G,G,G,F,F,F,F,F,F,F,G,F,F,F,F,F,F,F,F,G,F,G,F,E,F,F,F,F,F,G,F,F,F,F,F,E,E,E,F,G,F,F,G, , ,G,E,E,F,F,D,D,D,E,E,E,E,G,G, ,G,G,G,G,G,G,G,F,F,F,F,E,E,E,E,E,E,F,E,D,C,D,C,C,C,E,F,G,F,G,G,G,D,C,C,C,B,B,B,C,D,C,B,C,C,C,C,C,D,F,E,E,E
Irion,C,34,1508,48235, , , , , , , , , , , , , , , , , , , , , , , , , , , , , , , , , , , , , , , , , , , , , , , , , , , , , , , , , , , , , , , , , , , , , , , , , , , , , , ,C,C,C,C,C,C,C, , , , , , , , , , , , , , , , , , ,C,C,C,C,C,C,C, , , , , ,C,C,C,C,C,C,C,C,C,C,C,C,C,C,C,B,A,A,B,A,A,A,B,B,B,A
Jack,F,23,8841,48237, , , , , , , , , , , , , , , , , , , , , , , , ,G,G,G,G,G,F,E,F,F,F,F,F,F,G,G,G,G,G,G, , , , , , , , , , , , , , , , , , , , , , , , , , , , , , , , , , , , , , , , , , , , , , , , , , , , , , , , ,F,E,E,E,E,E,E,E,D,D,D,C,C,C,E,G,G,G, , , ,G,G,G,F,F,F,F,C,B,B,B,B,B,B,B,E,C,A,A,A,A
Jackson,M,43,15899,48239, , , , , , , , , , ,G,G,G,G,G,G,G,G,G,G,G,G,F,F,G,G,G,G,G, , , , , , , ,G,G,G,G,G,G,G, , , ,G,F,D,D,D,D,D,E,F, , ,G,G,G,G,G,G,G, , ,G,G,G,G,G,G,G,G,G,G,G,G,G,G,G,G,G,G,G, , ,G,G,G,G,G,G,G,G,F,E,F,F,E,E,B,B,B,B,B,B,B,C,D,B,B,B,A,B,A,A,A,A,A,B,A,A,A,A,A,A,A,A,A,A,A,A,A,A,A,A,A,A,A,A
Jasper,J,16,35525,48241, , , , , , , , , , , , , , , , , ,G,G,G,G,G,G,G, ,G,F,F,F,F,G,G,G, , , ,G,G,G,G,G,F,F,G,G,F,F,F,F,F,F,F,G,G,G,G,G,G,G,G,G,G,G,G,F,F,F,G,F,F,F,G,G,G,G,G,G,G,G,G,G,G,G,G,G,G,G,G,G,G,G,G,G,G,G,G,G,G,G,F,F,E,E,F,D,D,E,E,F,D,D,E,E,D,D,D,E,E,E,E,E,D,C,C,C,C,C,D,F,F,D,A,A,A,A,A,A,A,B,B,C
Jeff Davis,A,5,2113,48243, , , , , , , , , , , , , , , , , , , , , , , , , , , , , , , , , , , , , , , , , , , , , , , , , , , , , , , , , , , , , , , , , , , , , , , , , , , , , , , , , , , , , , , , , , , , , , , , , , , , , , ,D,D,D,D,A,A,A,A,A,A,A, , ,D,D,D,D,D,D,B,D,D,D,D,D,B,D,D,D,B,B,B,D,D,D,D, , , 
Jefferson,K,25,258678,48245, , , , , , , , , ,G,G,G,G,G,G,G,G,G,G,G,G,F,F,F,F,F,F,F,F,F,F,F,F,F,F,F,F,F,E,E,E,E,E,E,E,E,E,E,F,F,F,F,G,F,F,F,F,F,F,F,E,E,F,F,F,F,F,F,F,F,F,F,F,F,F,F,F,F,F,E,F,E,E,E,E,E,A,A,A,A,A,A,A,D,C,D,C,C,C,C,C,C,B,B,B,B,B,A,A,A,A,A,A,A,A,A,A,A,A,A,A,A,A,A,A,A,A,A,A,A,A,A,A,A,A,A,A,A,A,A,A
Jim Hogg,O,12,5077,48247, , , , , , , , , , , , , , , , , , , , , , , , , , , , , , , , , , , , , , ,F,F,F,F,F,C,C,E,E,E,E,E, , , , , , , , , , , ,F,F,F,F,F,F,F, , , , , , , , , , , , , , , , , , , , , , , , , , ,E,E,B,B,B,B,B,B,B,B,B,B,B,B,B,B,B,B,A,A,A,A,A,A,A,A,A,A,A,A,A,A,A,A,C,E,E,B,B,B,B,B,B,A,B,B,B
Jim Wells,O,3,42890,48249, , , , , , , , , , , , , , , , , ,G,G,G,G,G,G,G,G,G, , , , , , , , , , , , , , ,G,G,G,G,G,G,G,G,G,G,G,G,G,G,G,G,G,G,G,G,G,G,G,G,G,G,G,G,G,G,G,G,G, , , , , , ,G,G,G,G,G,G,G,G,G,G,G,G,G,G,G,G,G,G,F,E,C,B,B,B,B,A,A,A,A,A,A,A,A,A,A,A,A,A,A,A,A,A,A,A,A,A,A,A,A,A,A,A,A,A,A,A,A,A,A,A,A,A
Johnson,H,31,171701,48251, , , ,G,G,G,G,G,G,G,G,G,G,G,G,G,G,G,G,G,G,G,G,G,G,G,G,G,G,G,G,G,G,G,G,G,G,G,G,G,G,G,G,G,G,G,G,F,F,F,F,F,F,F,G,G,G,G,G,G,G,G,G,G,F,F,F,F,F,F,F,G,G,G,G,F,F,F,G,G,G,G,G,G,G,F,F,F,F,F,F,F,G,F,F,F,G,G,G,F,E,E,E,C,C,C,B,B,B,B,B,B,B,C,A,A,A,B,B,B,A,B,B,B,B,B,B,B,B,B,B,A,A,A,A,A,A,A,A,A,A
Jones,G,1,19735,48253, , , , , , , , , , , , , , , , , , , , , , , ,G,G,G,G,G,G,G,G,G,G,G,G,G,G,G,G,F,D,D,D,D,A,A,A,A,A,A,A,A,A,A,A,A,B,B,B,B,B,B,B,B,B,B,B,B,B,B,B, , ,A,A,A,A,A,A,A,A,A,A,A,A,A, , , , , , , , , , ,B,B,B, , , , , , , ,E,D,E,E,F,F,F, , , , , , , , , ,G,A,A,A,A,A,A,A, , , , , , , , ,G,G,G
Karnes,N,16,15393,48255, , , , , , , , , , ,G,G,G,G,G,G,G,G,G,G, , , , , , , , , ,G,G,G,G,G,G,G, , , , , , , , , , , , , , , , , , , , , , ,G,G,G, , , ,G, , , ,G,G,G, , , , , , , , , , , , , , , , , , , , , , ,F,F,D,C,C,C,C,D,C,D,D,D,D,B,A,A,A,A,A,A,A,B,B,B,A,A,A,A,A,A,A,A,A,A,A,A,A,A,A,A,A,A,A,A,A,A,A,A
Kaufman,H,24,125134,48257, , , , , , , , ,G,G,G,G,G,G,G,G,G,G,G,G,G,G,G,G,G,G,G,G,F,F,G,G,G,G,G,G,G,F,F,F,F,F,F,F,F,F,F,G,G,G,F,F,F,F,F,F,F,F,F,F,F,F,F,F,F,F,E,E,F,F,F,E,F,F,F,E,E,E,F,F,E,E,E,E,E,E,C,C,D,D,D,D,D,F,F,F,F,F,F,F,B,B,B,B,B,B,A,B,A,A,A,A,A,A,A,A,A,A,A,A,A,A,A,A,A,A,A,A,A,A,A,A,A,A,A,A,A,A,A,A,A
Kendall,B,26,46278,48259, , , , , , , , , ,G,G,G,G,F,F,F,G,G,G,G,G,G,G,G,G,G,G,G,G,G,G,G,G,G,G,G,G, ,G,G,G,G,G,G,G,G,G, , , ,G,G,G,G,G,G,G,G,G,G,G,G,G,G,G,G,G,G,G,G,G,G,G,G,G,G,G,G,G,G,G,G,G,G,G,G,G,G,G,G,G,G,G,G,G,F,F,F,F,F,D,D,E,E,E,E,E,F,F,F,C,C,C,C,C,C,C,F,E,E,F,F,E,F,E,F,F,E,D,D,C,D,D,D,E,F,E,F,F,F,F
Kenedy,O,14,476,48261, , , , , , , , , , , , , , , , , , , , , , , , , , , , , , , , , , , , , , , , , , , , , , , , , , , , , , , , , , , , , , , , , , , , , , , , , , , , , , , , , , , , , , , , , , , , , , , , , , , , , , , , , , , , , ,A,A,A,A,A,A,A, , ,A,A,A,A,A,A,A, , , , , , ,A,A,A,A,A,A,A,A,A,A
Kent,D,35,795,48263, , , , , , , , , , , , , , , , , , , , , , , , , , , , , , , , , , , , , , , , , , , , , , , , , , , , , , , , , , , , , , , , , , , , , , , , , , , , , , , , , , , , , , , , , , , , , , , , , , , , , , , , , , , , , , , , , , , , , , , , ,B,B,B,B,A,A,A,B,B,B,B, , , , , , , , , , 
Kerr,B,24,52267,48265, , , , , , , , , , , , , , , , ,G,G,G,G,G,G,G,G,G, , , , , ,G,G,G,G,G,G,G,G,G,G,G,G,G,G,G, , , , , , ,G,G,G,G,G,G,G,G,G,G,G,G,G,G,G,G,G,G,G,G,G,G,G,G,G,G,G,G,G,G,G,G,G,G, , , , , , , , , , ,F,F,F,F,D,C,B,B,B,B,B,C,B,D,B,B,B,B,B,D,C,D,C,A,A,A,A,A,A,A,B,B,A,A,B,A,A,B,B,B,B,B,C,D,D,D
Kimble,B,15,4344,48267, , , , , , , , , , , , , , , , , , , , , , , , , , , , , , , , , , , , , , , , , , , , , , , , , , , , , ,F,F,F,F,F,F,F, , , , , , , , , , , , , , , , , , , , , , , , , , , , , , , , , , , , , , , , , , ,F, , ,C,B,B,B,B,B,B,D,B,B,B,C,C,C,C, , , , ,D,D,D,C,C,B,B,D,D,D,F,F, , , , , 
King,D,26,309,48269, , , , , , , , , , , , , , , , , , , , , , , , , , , , , , , , , , , , , , , , , , , , , , , , , , , , , , , , , , , , , , , , , , , , , , , , , , , , , , , , , , , , , , , , , , , , , , , , , , , , , , , , , , , , , , , , , , , , , , , , , , , , , , , , , , , , , , , , , , , , , 
Kinney,N,1,3462,48271, , , , , , , , , , , , , , , , , , , , , , , , , , , , , , , , , , , , , , , , , , , , , , , , , , , , , , , , , , , , , , , , , , , , , , , , , , , ,E,E,E,E,E,E,E, , , , , , , , , , , , , , ,E,E,E,C,E,E,E, , , , , , , , , , , , ,E,E,E,E,E,E,E,E,E,E,E,E,B,A,A,A,A,A,A,A,A,B,B,B,B,B
Kleberg,O,6,30987,48273, , , , , , , , , , , , , ,G,G,G,G,G,G,G,G,G,G,G,G,G, , , , ,G,G,G,G,G,G,G,G,G,G,G,G,G,G,G,G,G,G,G,G,G,G,G,G, ,G,G,G,G,G,G,G,G,G,G,G,G,G,G,G,G,G,G,G,G,G,G,G,G,G,G,G,G,G,G,G,G,G,G,G,G,G, , ,G,G,F,F,E,E,E,E,E,D,B,B,B,B,A,A,A,B,B,B,B,B,A,A,A,A,A,A,A,A,A,A,A,A,A,A,B,B,B,B,B,B,A,A,A,A,A
Knox,F,11,3937,48275, , , , , , , , , , , , , , , , , , , , , , ,F,F,F,F,F,F,F, , , , , , , , , , , , , , , , , , , , , , , , , , , , , , , , , , , , , , , , , , , , , , , , , , , , , , , , , , , , , , , , , , , , , , , , , , , , , ,D,D,D,D,D,D,D,F,D,D,B,B,B,B,A,A,A,A,A,A,A,A,A,A,A,A,A,A,A,A,A, ,D,D,D
La Salle,N,23,8309,48283, , , , , , , , , , , , , , , , , , , , , , , , , , , , , , , ,G,G,G,G,G,G,G, , , , , , , , , , , , , , , , ,G,G,G,G,F,E,E,F,F,F,F,G, , , , , , , , , , , , , , , , , , , , , , , , , , , ,G,G,E,E,E,E,E,E,E,G,E,E,E,B,B,B,A,B,B,B,B,A,A,A,A,A,A,A,A,A,A,A,A,A,A,A,A,A,A,A,A,A,B,B,B,B,B,B
Lamar,I,1,50014,48277, , , , , , , , ,G,G,G,G,G,G,G,G,G,G,G,G,G,G,G,G,G,G,G,G,G,G,G, , , , , , ,G, ,G,G,G,G,B,B,B,B,B,B,B,E,E,D,E,F,D,D,D,C,C,C,C,D,D,E,E,E,E,E,E,E,E,F,F,F,F,F,F,F,E,E,E,E,F,F,F,G,F,F,F,F,F,E,D,E,B,B,B,B,B,B,B,B,B,B,B,B,B,B,A,A,B,B,B,B,B,B,A,A,A,A,A,B,A,B,B,B,B,B,A,A,A,A,B,A,A,A,A,A,A,A
Lamb,D,12,12776,48279, , , , , , , , , , , , ,G,G,G,G,G,G,G, , , , , , , , , , ,G,G,G,G,G,G,G, , , , , , ,G,G,G,G,G,F,F,G,G,G,F,F,G,F,F,E,E,E,E,D,E,E,F,F,G,F,E,E,E,E,E,E,F,G,G,G,G, , , ,G,G,G,G,F,F,G,G,G,G,F,D,B,B,B,B,B,B,D,E,E,D,D,E,E,B,B,B,B,B,B,B,A,A,A,A,A,A,A,A,A,A,A,A,A,A,A,A,A,A,A,A,A,A,A,A,A,A,A
Lampasas,L,11,21037,48281, , , , , , , , , , , , , , , , , , ,G,G,G,G,G,G,G,G,G,G, , ,G, , , , , , , , , , , , ,G,G,G,G,G,G,G,G,G,F,F,F,F,F,F,F,G,G, , , , , , , , , , , , , , ,G,G,G,G,G,G,G, , , , , , , , , , ,G,F,F,E,E,E,D,E,E,E,F,F,G,G,G,G,G,G,G,G, , ,D,C,B,B,B,B,B,C,C,E,E,E,D,D,D,B,B,B,B,B,A,B,B,B,B,C,E
Lavaca,M,32,20735,48285,G,G,G,G,G,G, , , , , , , , , , , , , ,G,G,G,G,G,F,F,G,G,G,G,G, , , , , , , ,G,G,G,G,G,G,G,G,G,G,G,G,G,G, , , , , , ,G,G,G,G,G,G,G,G,G,G, ,G,G,G,F,F,F,F,F,F,F,F,E,E,E,E,E,E,E,F,F,F,F,F,F,G,G,B,A,A,A,A,A,A,A,A,A,A,A,A,A,A,A,A,A,A,A,A,A,A,A,A,A,A,A,A,A,A,A,A,A,A,A,A,A,A,A,A,A,A,A,A,A
Lee,L,41,17595,48287, , , , , , , , , , , , , , , , , ,G,G,G,G,G,G,G,G, , , , , , , , , , , , , , , , , , , , , , , , , , , , ,G,F,F,F,F,F,F,G,G,G,G,G, ,G,G,G,F,F,F,E,B,B,B,B,B,B,B,F,F, ,G,G,G,F,E,C,C,D,D,C,C,B,C,B,B,B,B,B,E,D,D,E,E,E,E,D,D,B,B,A,A,A,A,A,B,A,B,B,B,B,A,A,B,B,B,B,B,B,A,B,A,B,B,B,B,D,C,C
Leon,J,2,17707,48289, , , , , , , , , , , , , , ,G,G,G,G,G,G,G,G,G, , ,G,G,G,G,G,G,G,G,G,G,G,G,G,G, , , , , , , ,G,G,G,G,G,G,G,F,F,F,F,G,G,G, , , , , , , , , , , , , ,G,G,G,G,G,G,G, ,G,G,G,G,G,G,G, , , , ,G,G,G,G,F,F,E,E,E,E,E,E,E,C,D,C,C,B,B,B,B,B,A,A,A,A,A,A,A,A,A,A,B,B,B,B,B,B,C,C,C,D,C,C,C,C,C,C,C
Liberty,K,15,85284,48291, , , , , , , , , ,G,G,G,G,G,G,G,G,G,G,G,G,G,G,F,G,G,G,F,F,G,G,G,G,F,F,F,F,F,G,F,G,G,G,G,G,G,G,G,G,G,G,G,G,G,F,F,F,E,E,E,F,F,G,G,G,G,G,G,G,G,G,G,G, ,G,F,F,F,F,F,F,G,G,G,G,F,F,F,F,F,F,E,E,D,C,C,C,B,C,C,C,C,B,B,B,B,B,A,A,A,A,B,A,B,B,B,B,B,A,A,A,A,A,A,B,B,B,B,B,B,B,B,B,A,A,A,B,B,B,B,C
Limestone,L,24,23544,48293, , , , , , , , ,G,G,G,G,G,G,G,G,G,G,G,G,G,G,F,F,F,F,E,E,E,F,F,F,G, , , , , , , , , ,G,G,G,G,G,G,G,G, ,G,G,G,G,G,G,G,G,G,G,G, , ,G,G,G,F,E,E,E,F,F,F,F,G,G,G,G,F,E,F,E,E,E,E,E,F,F,F,E,E,F,E,F,F,G,G,G,G,G,G,G,F,F,F,E,D,C,B,C,C,C,D,B,B,A,A,A,A,A,A,B,B,D,B,C,C,B,B,B,B,B,B,A,A,B,A,A,A,A
Lipscomb,E,5,3651,48295, , , , , , , , , , , , , , , , , , , , , , , , , , , , , , , , , , , , , , , , , , , ,F,D,D,D,D,D,D,F, , , , , , , , , , , , , , , , , , , , , , , , , , , , ,F,D,B,B,B,B,B,B,B,D,D,D,D,D,D,D,D,D,D,D, , , , , , , , ,D,D,D,D,D,D,D, , , , , , ,F,F,F,F,F,F,F, , , ,D,B,B,B,B,B,B,F, , , 
Live Oak,N,25,12030,48297, , , , , , , , , , , , , , , , ,G,F,F,F,F,F,F,F,G, , , , , , , , , , , , ,F,F,F,F,F,F,F, , , , , , , , , , , , , , , , ,G,G,G,F,F,F,E,F,F,F,F,F,F, , , , , , , , , , , , , , , , , , , , , , , , , ,D,D,D,D,B,B,B,D,B,B,B,B,B,B,A,A,A,A,A,A,A,A,A,A,A,A,A,A,A,A,A,A,A,B,B,B,B,A,A,A,A,A,A
Llano,B,17,19452,48299, , , , , , , , , ,G,G,G,G,G,F,F,G,G,G,G,G, , , , , , , ,G, , , , , , , , , , , , , , , , , , , , , , , , , , , , , , , , , , , , , , , , , , , , , , , , , , , , , , , , , , ,G,G,G,G,G,G,G,G,G,G,G,F,F,F,G,G,F,F,G,G,F,F,F,F,F,G,G,C,B,B,B,A,A,A,A,B,A,B,B,C,B,B,B,B,B,B,B,B,B,B,B,F,F,F
Loving,A,11,92,48301, , , , , , , , , , , , , , , , , , , , , , , , , , , , , , , , , , , , , , , , , , , , , , , , , , , , , , , , , , , , , , , , , , , , , , , , , , , , , , , , , , , , , , , , , , , , , , , , , , , , , , , , , , , , , , , , , , , , , , , , , , , , , , , , , , , , , , , , , , , , , 
Lubbock,D,23,317210,48303, , , , ,G,G,G,G,G,G,G,G,G,G,F,F,F,E,E,E,E,E,E,E,E,E,E,E,D,D,D,D,D,D,D,E,E,E,E,F,F,F,F,F,F,F,F,F,F,F,F,F,F,F,G,G,G,G,G,G,G,G,G,G,G,G,G,G,G,G,F,G,G,G,G,G,G,G,G,G,G,G,F,F,F,F,F,F,F,F,E,E,D,C,B,B,B,B,A,A,A,A,A,A,A,A,A,A,A,A,A,A,A,A,A,A,A,A,A,A,A,A,A,A,A,A,A,A,A,A,A,A,A,A,A,A,A,A,A,A,A
Lynn,D,33,5588,48305, , , , , , , , , , , , ,F,F,E,E,E,D,D,E,E,F,F,F, ,E,E,E,E,E,E,E, , , , , , , , , , , , , , , , , , , , , , , , , , , , , , , , , , , , , , , , ,F,F,E,E,E,E,E,F,E,F,F,F,F,F,D,B,B,A,A,A,A,A,B,B,E,E,E,E,E,B,B,B,B,B,A,A,A,A,A,A,A,B,A,A,A,A,A,A,A,A,B,B,E,E,E,E,E,E,B,B,B,B,B,B,B,B,B,B,B
Madison,J,3,14527,48313, , , , , , , , , , , , , , , , , , , , , , , , , , , , , , ,G,G,G,G,G,G,G,G,G,G, , , , , , , , , , , , ,G,G,G,G,G,G,G,G,F,E,E,E,E,E,F,G, , , , , , , , , , , ,G,G,G,G,G,G,D,D,C,C,C,C,C,E,E,E,E,E,D,C,E,F,G,G,G,G, ,G,E,C,B,B,B,B,B,A,A,A,A,A,A,A,A,A,A,A,A,A,A,A,A,A,A,A,A,A,A,A,A,A,A,A
Marion,I,23,10294,48315, , , , , , , , , , , , , , , , , , , , , , , , , , , , , , , ,E,E,E,E,E,C,C,E,E,E,E,C,E,E,C,B,B,B,C,C,C,F,F,F, , , , , , , , , , , , , , , , , ,G,G,G,G,G,G,G,G,G,G,G,G,G,F,G,G,F,F,F,E,E,E,E,F,F,F, , ,F,F,E,D,D,D,D,D,D,E,F,E,E,B,B,B,B,B,B,A,A,A,A,A,A,A,A,A,A,A,A,A,A,B,B,B,B,B,C,C,B
Martin,C,12,6044,48317, , , , , , , , , , ,F,F,F,F,F,F,F, , , , ,F,F,F,F,F,F,F, , , , , , , , , , , , , , , , , , , , , , ,F,F,F,F,F,F,F, , , , , , , , , , , , , , , , , , , , , , , , , , , , , , , , , , ,F,F,F,F,E,D,D,D,D,C,B,C,B,B,B,A,A,B,B,B,B,C,D,C,B,B,B,B,B,B,B,B,B,B,B,B,B,B,A,A,A,A,A,A,A,B,C,D,D,D
Mason,B,16,3899,48319, , , , , , , , , , , , , , , , , , , ,F,F,F,F,F,F,F, , , , , , , , , , , , , , , , ,B,B,A,A,A,A,A,A,A,A,A,A,B,B,B,D,F, , ,B,B,B,B,B,B,B, , , , , , , ,F,F,F,F,F,F,F, , , , , ,F,F,F,F,F,F,F, , , , , , , , , , , , , ,F,F,F,F,F,F,D,F,F,F,F,F,F,F,F,B,B,B,B,B,D,D, , , , , , ,F,F,F,D,D,D
Matagorda,M,45,37064,48321,G,G,G,G,G,G,G,G,G,G,F,F,F,F,F,F,D,D,C,C,C,C,C,E,F,F,F,E,F,E,E,E,E,F,G,G,F,G,F,F,F,F,F,G,G,G,G,G,G,G,G,G,G,G, ,G,G, , , ,G,G,G,G,G,G,G, , , , , ,G,G,G,G,G,G,G,G,G,G,G,G,G,G,G,G,F,F,F,E,E,C,C,B,B,B,B,B,B,B,B,B,B,B,A,A,A,A,A,A,A,A,A,A,A,A,A,A,A,A,A,A,A,A,A,A,A,A,A,A,A,A,A,A,A,A,A,A,A
Maverick,N,11,59938,48323, , , , , , , , , ,G,G,G,G,G,G,G, ,G,G,G,G,G,G,G,G,G,G,G,G,G,G,G,G,G,G,G,G,G,G,G,G,G,G,G,G,G,F,G,G,G,F,F,F,G,G,G,G,F,F,D,D,D,B,B,B,B,B,C,C,E,E,G,G,G,F,E,E,E,E,E,D,E,E,E,E,F,E,E,E,D,D,D,D,B,B,B,B,B,B,B,B,B,A,A,A,A,A,A,A,A,A,A,A,A,A,A,A,A,A,A,A,A,A,A,A,A,A,A,A,A,A,A,A,A,A,A,A,A,A,A,A
McCulloch,B,2,8660,48307, , , , , , , , , , , , , , , , , , , , , , , , ,G,F,E,E,E,E,E,F,G, , , , , , , , , , , , , , , , , , , , , , , , , , , , , , , , , , , , , , , , , , , , , , , , , , , , , , , , , , , ,G,G,G,G,F,F,F,F,E,E,D,C,C,C,C,C,B,B,B,B,B,B,B,C,C,E,E,E,D,E,C,B,B,B,B,C,C,D,D,C,C,D,D,E,F,D,C,C,B
McLennan,L,13,253066,48309, , , ,G,G,G,G,G,G,G,G,G,G,G,G,G,G,G,G,G,G,G,G,G,G,G,G,G,G,G,G,G,G,G,G,G,G,G,G,G,G,G,G,G,G,G,G,G,G,G,G,G,G,G,G,G,G,G,G,G,G,G,G,G,G,G,G,G,G,G,G,G,G,G,G,G,G,G,G,G,G,G,G,G,G,G,G,G,G,G,G,G,F,F,E,E,D,C,B,B,B,B,B,A,A,A,A,A,A,A,A,A,A,A,A,A,A,A,A,A,A,A,A,A,A,A,A,A,A,A,A,A,A,A,A,A,A,A,A,A,A
McMullen,N,24,783,48311, , , , , , , , , , , , , , , , , , , , , , , , , , , , , , , , , , , , , , , , , , , , , , , , , , , , , , , , , , , , , , , , , , , , , , , , , , , , , , , , , , , , , , , , , , , , , , , , , , , , , , , , , , , , , , , , , , , , , , , , ,B,B,B,B,B,A,A,A,A,A,A,A,A,A,A,A,B,B,A,B,B
Medina,N,3,50594,48325, ,G,G,G,G,G,G,G, , , ,G,G,G,G,G,G,G, , ,G,G,G,G,G,G,F,F,F,G,G,G,G,G,G,G,G,G,G,G,G,G,G,G,G,G,G,G,G,G,G,G,G,G,G,F,F,E,D,D,D,D,E,D,E,E,E,E,E,E,F,F,F,G,G,G,G,G,G,G,G,G,A,A,A,A,A,A,A,G,G,G,G,F,F,D,D,C,C,C,D,D,F,F,G,G,G,D,D,B,B,B,B,A,B,B,B,B,B,B,C,A,A,A,A,A,A,A,A,A,A,B,B,B,B,B,B,B,B,B,B
Menard,B,14,2188,48327, , , , , , , , , , , , , , , , , , , , , , , , , , , , , , , , , , , , , , , , , , , , , , , , , , , , , , , , , , , , , , , , , , , , , , , , , , , , , , , , , , , , , , , , , , , , , , , , , , ,D,B,B,B,B,B,B,B,A,B,B,A,A,A,A,A,A,A,A,A,A,A,B,B,B,D,D,D,D,D,B,D,D,D,D,D,D, , , , , , 
Midland,C,22,187364,48329, , , , , ,G,G,G,G,G,G,G,G,G,G,G,G,G,G,G,G,G,G,G,G,G,G,G,G,G,G,G,G,G,G,G,F,F,F,F,F,F,F,G,G,G,G,G,G,G,G,G,G,G,G,G,G,G,G,G,G,G,G,G,G,G,G,G,G,G,G,G,G,G,G,G,G,G,G,G,G,G,G,G,G,F,F,F,F,F,F,F,E,F,D,D,C,C,C,B,B,B,B,B,B,B,B,B,B,A,B,B,B,A,A,A,A,A,A,A,A,A,A,A,A,A,A,G, , , , , , ,B,C,B,B,A,A,A
Milam,L,32,24635,48331, , , , , , , , , ,G,G,G,G,G,G,G, , , , ,G,G,G,F,F,F,F,F,F,F,G,G,G,G,F,F,F,F,F,F,F,G,G,G,G,G,G,G,F,F,F,F,G,G,F,G,G,G,G,F,F,G,F,F,F,F,F,F,F,F,F,G,G,G,G, , , ,G,G,G,F,E,E,E,F,E,E,E,E,E,E,E,D,D,C,C,D,D,B,B,B,B,B,B,B,B,B,C,C,D,D,D,B,B,A,A,A,A,A,A,A,A,A,A,A,A,A,A,A,A,A,A,A,A,A,A,A,B,B,B
Mills,L,1,4870,48333, , , , , , , , , , , , , , , , , , , , , , , , , , , , , , , , , , , , , , , , , , , , , , , , , , , , , , , , , ,F, , , , , , , ,F,F,F,F,F,F, , , , , , , , , , , , , , , , , , , , , , , , , , , , , , , , , , , , , , , , , , , ,E,B,B,B,B,B,B,B,F,F, , ,F,F,C,B,B,B,B,B,B,B,C,C,E,E,F
Mitchell,C,14,9865,48335, , , , , , , , , , , , , , , , , , , , , , ,G,G,G,G,G,G,G, , , , , , , , , , , , , , , , , , , , , , , , , , , , , , , , , , , , , , , , , , , , , , , , , , , , , , , , , , ,G,G,G,G,G,G,G, , , , , ,G,G,F,F,F,F,F,F,C,D,C,C,B,B,B,B,B,B,A,B,B,A,B,C,E,F,C,C,D,B,B,B,A,B,B,B,B,B,B,B,B,B
Montague,F,15,19199,48337, , , , , , , , , , , ,G,G,G,G,G,G,G, , , , , , , , ,G,G,G,F,F,F,F,F,F,F,G,G,G,G,G,G,G, , , , , , ,G,G,F,F,F,F,F,G,G, , , , , , , , , , , , , , , , , , , , , , , , , , , , , , , , , , , , , ,F,F,F,F,F,E,E,F,F,F,F,F,G,G,F,F,F,F,F,E,E,F,F,F,F,E,E,E,E,D,D,D,D,F,E,D,D,D,D,D,D,D,C,C,C,C
Montgomery,K,3,613951,48339,G,G,G,G,G,G,G,G,G,G,G,G,G,G,G,G,G,G,G,G,G,G,G,F,F,F,F,F,F,F,F,F,F,F,F,F,F,F,F,F,F,F,F,F,F,F,F,F,F,F,F,F,F,F,G,G,G,G,G,F,G,F,F,F,F,F,F,F,F,F,F,G,G,G,G,G,G,G,G,F,F,F,F,F,F,F,F,F,F,E,E,E,E,E,D,D,D,D,D,C,C,C,C,C,C,C,C,C,C,B,C,C,C,B,B,B,B,B,B,B,B,B,A,A,A,A,A,A,A,A,A,A,A,A,B,B,B,B,B,B,B
Moore,E,12,21575,48341, , , , , , , , , , , , , , ,G,G,G,F,F,F,F,F,F,E,E,C,C,B,B,B,A,A,A,A,A,A,A,A,A,A,A,A,A,A,A,A,A,A,A,A,A,A,A,A,A,A,A,A,A,A,A,A,B,A,A,A,A, , , , , , , ,A,A,A,A,A,A,A,A,A,A,A,B,B,B,B,B,B,B,E,E,D,F,F,F,F,E,E,D,D,D,D,E,E,D,D,E,E,E,E,C,B,B,B,B,B,B,B,D,D,D,B,B,B,B,A,A,A,A,A,A,A,A,A,A,A,A,A
Morris,I,16,12448,48343, , , , , , , , ,G,G,G,G,G,G,G, , , , , , , , , ,G,F,F,F,F,F,F,G,G,G,F,F,F,F,F,G,G, , , , , , ,F,E,E,E,E,E,E,G, , , , ,G,G,F,F,F,E,E,E,C,D,D,D,C,C,B,B,B,B,B,E,F, , ,G,G,G,G,F,G,G,F,E,E,E,E,F,F,F,F,F,E,D,D,D,E,F,E,F,F,F,E,E,E,E,B,B,B,B,D,C,C,E,E,E,B,B,B,B,B,B,B,B,B,B,B,B,B,B,A,A,A,A
Motley,D,15,1172,48345, , , , , , , , , , , , , , , , , , , , , , , , , , , , ,B,B,B,B,B,B,B, , , , , , , , , , , , , , , , , , , , , , , , , , , , , , , , , , , , , , , , , , , , , , , , , , , , , , , , , , , , , , , , , , , , , , , , , , , , , , , ,B,B,B,B,B,B,B, , , , , , , , ,B,B,A,A,A,A,A,B,B, , , 
Nacogdoches,J,32,64106,48347, , , , , , , , , , ,G,G,G,G,G,G,G,G,F,F,F,F,E,E,E,F,F,D,D,D,C,C,B,B,C,C,C,D,C,C,D,C,D,B,C,B,B,B,B,B,B,B,B,C,D,D,C,D,D,E,D,D,D,D,E,E,F,E,E,E,E,F,E,D,F,D,D,D,D,D,D,D,F,F,F,F,E,E,F,E,E,E,E,F,E,E,E,E,E,E,E,E,D,C,C,D,B,B,B,B,B,B,B,B,B,A,A,A,A,A,A,A,A,A,A,B,B,A,A,A,A,A,A,A,A,A,A,A,A,A,A
Navarro,H,34,47985,48349, , , , , , , , , , , ,G,G,G,G,G,G,G,G,G,G,G,G, ,G,G,F,F,F,F,F,F,F,F,F,F,F,F,F,G,F,F,F,G,G,G,G,G,G,G,G,G,G,G,G,G,G,G,G,G,G,G,G,G,G,G,G,G,G,G,G,F,F,F,F,F,F,F,F,F,F,E,F,F,F,F,F,F,E,D,D,D,C,C,C,C,C,C,C,B,B,A,B,B,B,B,A,A,A,A,A,A,A,A,A,A,A,A,A,A,A,A,A,A,A,A,A,A,A,A,A,A,A,A,A,A,A,A,A,A,A
Newton,J,17,13724,48351, , , , , , , , , , , , , , , , ,G,G,G,G,G,G,G, , , ,G,G,G,G,G,G,G, , , , , , , , , , , , , , , , , , ,F,F,F,F,F,F,F, , , , , , , , , , , , , , , , , ,G,G,G,G,G,G,G,G,G,G,G,G,G,G, , , , , , , , ,F,E,E,D,D,D,D,E,G,G, , , , , , , , , , , , , ,C,B,B,B,B,B,B,C,E,E,B,A,A,A,A,A,A,A,C,C,C
Nolan,C,15,15642,48353, , , , , , , , , , , , , , , , , , , , , , , , , , , , , , , , , , , , , , , ,G,G,G,G,G,G,G, ,G,G,G,G,G,G,G, , , , , , , , , , , , , , , , , , , , , ,G,G,G, ,G,E,E,E,E,E,D, , , , , , , ,G,E,E,E,E,C,D,B,C,B,B,A,B,B,B,A,A,B,B,B,B,B,B,B,A,A,B,A,A,B,B,B,A,A,B,A,A,A,A,A,A,A,B,B,D,C,C,C
Nueces,O,5,383718,48355, , , , , , ,G,G,G,G,G,G,G,G,G,G,G,G,G,G,G,G,G,G,G,G,G,G,G,G,G,G,G,G,G,G,G,G,G,G,G,G,G,G,G,G,G,G,G,G,G,G,G,G,G,G,G,G,F,F,F,F,F,F,F,F,F,G,G,G,G,G,G,G,G,G,G,G,G,G,G,G,G,G,G,G,G,G,G,G,G,G,F,F,E,D,D,C,B,B,B,A,A,A,A,A,A,A,A,A,A,A,A,A,A,A,A,A,A,A,A,A,A,A,A,A,A,A,A,A,A, , , , , , , ,A,A,A
Ochiltree,E,4,11309,48357, , , , , , , , , , , , , , , , , , , , , , , , , , , , , , , , , , , , , , , ,G,D,D,D,A,A,A,A,B,B,B,G,G,F,B,B,B,B,E,B,B,B,B,B,B,B,G,G,F,F,F,F,F,F,C,C,C,D,D,D,C,F,F,F,F,F,F,F,G,F,F,F,F,G,G,G, , , , , , , , , , , , , , , , , , ,C,C,C,C,B,B,B,F,F,F,F, , , , ,G,G,D,B,B,B,B,B,B,B,B,B,B
Oldham,E,21,2200,48359, , , , , ,D,D,D,D,D,D,D, ,D,D,D,D,D,D,D, , ,D,D,D,D,D,D,D, , , , , , , , , , , , , , , , , , , , , , , , , , , , , , , ,D,D, , , , , , , , , , , , , , , , ,D,D,D,D,D,D,D, , , , , , , , , , , , , , , , , , , , , , , , , , , , ,D, , , , , , , , ,B,B,B,B,A,A,A,A,A,A,A,B,D,D,D,D,D,D,D
Orange,K,26,86155,48361, , , , , , , , , ,G,G,G,G,G,G,G,G,G,G,G,F,F,F,F,F,F,F,F,F,F,F,F,F,F,G,G,F,F,G,F,F,F,F,G,G,G,G,G,G,G,F,G,G,G,F,F,F,G,G,G,G,G,G,G,G,G,G,G,G,G,G,G,G,G,G,G,G,G,G,G,G,G,G,G,G,G,G,G,G,G,G,G,G,F,F,E,D,D,D,D,D,D,C,C,C,C,C,B,B,B,B,B,B,B,A,A,A,A,A,A,A,B,C,A,A,A,A,A,A,A,B,B,B,B,B,A,A,A,A,A,A
Palo Pinto,G,4,27859,48363, , , , , , , , , , , , , , , , , ,G,G,G,G,G,G,G,G,G,G,G,G,G,G,G,G,G,G,G,G,G,G,G,G,G, , , , , ,G,G,G,G,G,G,G,G,G,G,G, , , , , , , ,G,G,G,G,G,G,G,G,G,G,G,G,G,G,G,G, , , , , , ,G,G,G,G,G,G,G, , , , , , ,G,G,G,G,G,G,F,F,E,C,B,B,B,B,B,B,B,B,B,B,B,B,B,B,B,B,B,C,B,B,A,A,A,A,A,A,A,A,A,A,A
Panola,J,41,24576,48365, , , , , , , , , , , , , , , , , ,G,F,F,F,F,F,F,F,F,F,F,E,C,B,B,B,B,B,B,B,B,B,A,B,A,A,A,B,A,A,A,A,A,A,A,B,E,F,E,E,C,D,C,B,B,B,B,D,C,E,E,E,E,E,E,E,E,E,D,E,E,E,E,A,A,A,A,B,B,B,G,G,G,F,E, , , , , , , ,E,E,E,E,D,D,C,C,D,D,D,E,D,E,E,E,E,E,C,D,C,C,C,C,C,E,D,C,C,B,C,C,C,C,E,E,E,C,C,C,D,D
Parker,G,5,135621,48367, , , , , , , ,G,G,G,G,G,G,G,G,G,G,G,G,G,G,G,G,G,G,G,G,G,G,G,G,G,G,G,G,G,G,G,G,G,G,G,G,G,G,G,G,G,G,G,G,G,G,G,G,G,G,G,G,G,G,G,G,G,G,G,G,G,G,G,G,G,G,G,G,G,G,G,G,G,G,G,G,G,G,F,F,F,F,F,F,F,G,G,G,G,G,G,G,F,D,D,E,B,B,B,B,B,B,B,C,C,C,B,B,A,B,A,A,A,A,A,B,B,B,B,B,B,C,A,B,B,B,B,A,A,B,A,A,A,A
Parmer,D,1,9200,48369, , , , , , , , , , , , , , , , , , , , , , , , , , , , , , , , , , ,G,G,F,E,E,D,D,E,E,D,E,E,D,D,D,B,B,B,B,B,B,B,C,B,B,C,C,C,B,A,A,A,A,A,A,A,A,A,A,A,C,B,C,C,D,A,A,A,A,A,A,A,A,A,A,A,A,A,A,A,A,A,A,A,A,A,A,A,A,A,A,A,A,A,A,A,A,A,A,A,A,A,A,A,A,A,B,B,C,A,A,A,A,A,A,A,A,A,A,A,A,A,A,A,A,A,A
Pecos,A,8,16533,48371, , , , , , , , , , , , , , , , , , , , , ,G,G,G,G,G,G,G, , ,F,F,F,F,F,F,F, ,G,G,F,G,F,F,F,F,E,G,F,G,F,E,E,F,E,E,E,E,E,E,E,E,E,E,F,F,F,D,D,D,D,F,F,A,A,A,A,A,A,A,A,A,A,B,F, ,F,F,F,F,G,G,A,F,F,E,E,E,E, ,G,E,F,D,E,D,B,B,B,B,B,B,C,C,D,D,D,D,D,D,B,B,B,A,A,A,A,A,A,A,A,A,A,A,A,B,B,B,B,B,B
Polk,J,14,49080,48373, , , , , , , , , , , , , ,G,G,G,G,G,F,F,G,F,G,G,G,G,G,G,G,G,G,G,G,G,G,G,G,G,G,G,G,G,G,G,G,G,G,G,G,G,F,F,F,E,E,E,E,F,F,E,F,F,F,F,F,F,G,G,G,G,G,G,G,G,G,G,G,G,F,F,G,G,G,G,G,G,G,G,G,G,G,G,F,F,F,F,F,F,F,E,E,D,C,C,C,C,C,C,B,B,B,B,B,A,A,A,A,A,A,A,A,A,A,A,A,A,A,C,A,A,A,A,A,A,A,A,A,B,B,B,B
Potter,E,22,122706,48375, , , , , ,G,G,G,G,G,G,G, ,G,G,G,G,G,F,F,E,E,E,E,E,E,E,F,F,E,F,F,E,E,D,C,C,B,B,B,B,A,A,A,A,A,A,A,A,A,A,A,A,A,A,A,A,A,A,A,A,A,A,A,A,A,A,A,B,B,B,B,D,C,C,B,C,C,B,A,A,A,A,A,A,A,A,A,A,F,F,F,F,F,F,E,E,E,E,E,E,F,E,E,E,E,E,E,C,C,C,C,C,B,B,B,B,B,B,B,C,C,C,C,B,B,B,B,A,A,A,A,A,A,A,B,B,B,B,B,B
Presidio,A,6,5906,48377, , , , , , , , , , , , , , , , , , , , , , , , , , , , , , , , , , , , , , , , , , , , , , , , , , , , , , , , , , , , , , , , , , , , , , ,F,F,F,F,F,F,F, , , , , ,F,F,F,F,F,F,F, , , , ,A,A,A,A,A,A,A,D,D,D,C,C,E,B,B,B,B,C,C,C, , ,B,B,B,B,B,B,A,E,E,E,E,E,F, ,C,C,B,B,B,B,B,A,A,A,A,A
Rains,H,26,11378,48379, , , , , , , , , , , , , , , , , , , , , , , , , ,G,G,G,G,G,F,F,G,G,G,G,G, , , , , , , , , , , , , , , , , , , , , , , , , , , , , ,G,G,G,G,G,G,G, , , , , , ,G,G,G,G,G,G,G, , , ,G,G,G,G,F,F,F,F,F,F,F,F,F,G, , , ,E,E,D,D,D,D,D,E,E,E,E,E,F,F,F,D,E,D,B,B,B,B,B,B,B,B,B,B,B,B,B,B,B,B,B
Randall,E,32,138104,48381, , , , , , , , , , , , ,G,G,G,G,G,G,F,F,F,F,F,F,F,F,F,F,F,F,F,F,F,F,E,E,E,E,E,E,E,D,D,D,C,C,B,B,B,B,B,B,B,B,B,C,C,C,B,B,B,A,A,A,A,A,B,B,E,E,E,F,F,F,F,F,F,F,E,D,D,D,E,E,E,E,F,F,F,F,F,F,F,F,F,F,F,F,F,F,F,E,E,E,E,E,D,D,C,B,C,C,C,B,B,B,B,B,B,B,B,B,B,B,A,A,A,A,A,A,A,B,B,B,B,B,B,B,B,B,B
Reagan,C,33,4226,48383, , , , , , , , , , , , , , , , , , , , , , , , , , , , , , , , , , , , , , , , , , , , , , , , , , , , , , , , , , , , , , , , , , , , , , , , ,F,F,D,D,D,D,D,F,F, , , , , , , , , , , , , , , , , , , , , ,F, , , ,D,B,A,A,A,A,A,A,A,A,A,A,A,A,A,A,A,A,A,A,A,A,A,A,A,B,B,D,B,B,D,D,A,A,A
Real,B,23,3407,48385, , , , , , , , , , , , , , , , , , , , , , , , , , , , , , , , , , , , , , , , , , , , , , , , , , , , , , , , , , , , , , , , , , , , , , , , , , , , , , , , , ,E,E,E,E,E,E,E, , , , , , , , , , , , , , , , , , , , , ,E,B,B,B,B,B,B,C,C,C,C,C,C,C,B,C,C,C,B,A,A,A,A,A,A,A,A,A,A,A,A,A
Red River,I,2,12610,48387, , , , , , , , , , , , , , , , , , , , , , , , , , , , , , , ,G,G,G,G,G,G,G, , , , , , , , , , , , , , ,G,F,F,C,C,A,A,A,A,A,A,A,B,B,B,B,B,B,B,B,B,C,D,A,A,A,A,A,A,A,B,B,B,B,B,B,B,B,B,B,B,B,B,D,D,D,D,E,E,D,B,D,D,D,B,B,B,B,B,B,B,D,E,E,E,F,F,D,D,D,B,B,B,B,D,D,D, ,F,F,F,G,F,E,E,F,F,F,F
Reeves,A,4,15707,48389, , , , , , , , , , , , , , , , , , , , , , , , , , , , , , , , , , , , , , , , , , , , , , , , , , , , , ,G,G,G,G,G,G,G,G,G,G,G,G,G,F,G,G,G,F,F,F,G,G,G,G, , , , ,G,G,G,G,F,F,F,F,F,F,F,F,F,F,G,G,G,G,G,F,F,E,E,E,E,B,B,B,A,A,A,A,A,A,A,A,A,A,A,A,A,B,B,B,B,B,C,B,B,B,B,B,B,B,B,A,A,A,A,A
Refugio,N,28,7573,48391, , , , , , , , , , , , , , , , , , , , , , , , , , , , , , , , , , , , , , , , , , , , , , , , , ,G,G,G,G,G,G,G, ,G,F,F,F,F,F,F,G, , , , , , , , , , , , , , , , , , , , ,F,F,F,F,F,F,F,G,G,G,G,G,G,G, ,E,D,D,D,D,B,B,D,D,B,A,A,A,A,A,A,A,A,A,A,A,A,A,A,A,A,A,A,A,A,A,A,A,A,A,A,A,A,A,A,A
Roberts,E,14,983,48393, , , , , , , , , , , , , , , , , , , , , , , , , , , , , , , ,B,B,A,A,A,A,A,B,B, , , , , , , , , , , , , , , , , , , , , , , , , , , , , , , , , , , , , , , , , , , , , , , , , , , , , , , , , , ,B,B,B,B,B,B,B, , , , ,B,B,B,B,A,A,A,A,A,A,A,B, , , , , , , , , , , , , , , , , ,B,B,B
Robertson,L,33,16888,48395, , , , , , , , ,G,G,G,G,G,G,G,G,G,G,G, , , , , , , , , , , , , , , , , , , , , , , , , ,G,G,G,G,G,G,G, ,G,G,G,G,G,G,G,G,G,G,G,G,G,G,G,G,G,G,G, , , ,G,G,G,G,F,F,F,E,E,D,E,E,E,E,F,F,G,G,G,G,E,E,E,C,B,B,B,C,B,C,D,B,D,B,B,B,B,B,B,B,A,A,A,A,A,A,A,A,A,A,A,A,A,A,A,A,A,A,A,A,A,A,B,B,B,B,B
Rockwall,H,23,102243,48397, , , , , , , , , , ,G,G,G,G,G,G,G,G,G,G,G,G,G,G,G,G,G,G,G,G,F,F,F,G,G,G,F,F,F,F,F,F,F,F,F,F,F,E,E,E,E,F,F,F,F,F,F,F,F,F,F,E,E,E,F,F,F,F,F,F,F,F,G,G,G,F,F,F,F,F,F,F,F,F,F,F,F,F,F,F,F,F,F,F,F,F,F,F,F,F,C,D,D,B,B,B,B,C,B,B,C,C,C,D,B,C,D,E,E,E,B,B,B,B,B,B,B,B,B,B,B,B,B,B,B,B,B,B,B,B,B
Runnels,G,21,11009,48399, , , , , , , , , , , , , , , , , , , , , , , , , , , , , , , , , , , , , , , , , , , ,G,G,G,G,F,F,F,G,G,G,G, , , , , , , , , , , , , , , , , , , , ,G,G,G,G, , , , , , , ,G, , , , , , , , , ,G,G,G,G,G,F,F,F,F,F,F,E,F,D,B,B,B,B,B,B,B,F,C,C,C,B,B,B,B,B,B,B,A,A,A,A,A,A,A,A,A,A,A,A,A,A
Rusk,J,31,52767,48401, , ,G,G,G,G,G,G,G, ,G,G,G,G,G,G,G,G,G,F,F,F,F,F,F,G,G,G,G,G,G,F,F,F,F,F,F,F,G,G,G,G,G,G,G,G,G,G,G,G,G,G,G,G,G,G,G,G,G, , ,G,G,G,G,G,G,G, ,G,G,G,G,G,G,F,F,F,F,F,F,E,F,F,F,F,F,F,F,G,G,B,A,A,A,A,A,A,A,E,E,E,E,F,F,E,E,D,E,E,F,E,E,E,E, , , , , , , , ,E,E,E, ,G,E,B,E,D,D,B,B,B,C,C,B,B,C
Sabine,J,34,9936,48403, , , , , , , , , , , , , , , , , , , , , , , , , , , , , , , ,G,G,G,G,G,G,G, , , , , , , , , , , , , , ,G,G,G,G,G,F,F,G,G,G,G,G,G,G,G,G,F,F,F,G,G,F,F,B,B,B,B,B,B,B,G,G, , , , , , , , , , , , ,E,E,E,C,C,C,C,E,E,E,E,E,E,D,D,E,E,E,E,E,E,D,E,C,C,C,C,C,E,E,E,D,D,D,D,G,F,G, , , , ,B,B,B
San Augustine,J,33,8405,48405, , , , , , , , , , , , , , , , ,G,G,D,D,D,D,D,E,B,C,C,C,C,C,C,D,C,C,C,C,C,C,D,F,F,F,F,F,F,G,E,E,E,E,E,C,C,F,F,F,F,E,G,G,G,G,G,G,D,D,B,B,B,B,B,E,C,E,B,B,B,B,A,A,A,B,B,B,B,G,C,C,B,B,B,B,A,A,A,A,A,A,A,A,A,A,A,A,A,A,A,B,B,B,B,B,B,B,B,B,B,A,A,A,A,A,A,A,A,A,A,B,A,B,B,B,B,B,A,B,B,B,B,B,B
San Jacinto,K,4,28844,48407, , , , , , , , , , , , , ,G,G,G,G,G,G,G, , , ,G,G,G,G,G,F,F,G,F,F,G,G,G, ,G, , , ,G,G,G,G,G,G,G,G,G,G,G,G,G, ,G,G,G,G,G,G,G,G,G,G,G,G,G,G,G,G,G,G,G, , , , , , ,G,G,G,G,G,F,F,G,G,G,G,G, ,G,G,G,G,G,G,F,G,F,F,F,F,F,E,E,F,B,B,B,B,B,B,B,F,G,B,B,A,A,A,A,A,A,B,C,C,E,E,F,F,E,E,E,D,F,E,D,E
San Patricio,O,4,71325,48409, , , , , , , , , , ,G,G,G,G,G,G,G,G,G,G,G,G,G,G,G,G,G,G,G,G,G,G,G,G,G,G, ,G,G,G,G,G,G,G,G,G,G, , ,G, ,G,G,G,G,G,G,G,G,G,G,G,G,G,G,G,G,G,G,G,G,G,G,G,G,G,G,G,G,G,G,G,G,G,G,G,G,G,G,G,G,G,G,G,E,E,E,E,E,D,D,D,D,C,C,C,B,B,B,B,B,B,B,B,C,B,B,A,A,A,A,A,B,B,B,B,B,A,A,A,A,A,A,A,A,A,A,A,A,A,A
San Saba,B,3,5873,48411, , , , , , , , , , , , , , , , , , , , , , , , , , , , , , , , , , , , , , , , , , , , , , , , , , , , , , , , , , , , , , , , ,F,F,F,F,F,F,F, , , , , , , , , , , , , , , , , , ,F,F,F,F,F,F,F, , ,F,E,E,E,E,E,E,F, , , ,F,F,F,F,F,D,D,B,B,B,B,B,E,D, , ,F,F,E,C,B,B,A,B,B,B,B,B,D,D,D,D
Schleicher,B,12,3312,48413, , , , , , , , , , , , , , , , , , , , , , , , , , , , , , , , , , , , , , , , , , , , , , , , , , , , , , , , , , , , , , , , , , , , , , , , , , , , , , , , , , , , , , , , , ,E,E,E,A,A,A,A,A,A,A,A,B,B,C,C,C,B,A,A,A,A,A,A,A,E,E, ,C,B,B,B,B,B,A,A,A,A,A,A,A,A,A,B,B,B,C,E,E,E,C,C,C
Scurry,C,4,18368,48415, , , , , , , , , , , , , , , , , , , , , , , , , , , , , , , ,G,G,G,G,G,G,G,G,G,G,G, , , , , , , , , , , , , , , , , , , , , , , , , , , , , , , , ,B,B,B,B,A,A,A,F,G,G,G, , , ,F,G,G,G,G,G,G,G,G,G,G,G,G,F,F,F,F,F,F,E,D,B,A,A,A,A,A,A,A,A,A,A,A,A,A,A,A,A,A,B,A,B,B,B,B,B,B,A,A,A,A,A,A
Shackelford,G,2,3405,48417, , , , , , , , , , , , , , , , , , , , , , , , , , , , , , , , , , , , , , , , , , , , , , , , , , , , ,E,E,E,E,E,E,E, , , , , , , , , , , , , , , , , , , , , , , , , , , , , , , , , , , , , , , , , , , , , , , , , ,C,B,B,B,B,B,B,B,B,B,B,B,B,B,B,B,A,A,A,A,A,A,A,B,B,B, , ,C,E,E,E,E
Shelby,J,42,25545,48419, , , , , , , , , , , ,G,G,G,G,G,G,F,E,E,E,E,D,C,B,B,B,B,B,B,B,B,B,B,B,B,B,B,B,B,B,A,A,B,B,B,B,B,B,B,B,B,A,B,B,B,B,B,B,B,B,B,B,B,C,D,D,D,E,E,E,E,E,E,F,B,B,B,B,B,B,B,D,D,D,D,E,D,D,D,C,C,C,C,D,C,B,B,B,B,B,B,B,B,B,B,B,B,B,C,E,D,D,D,E,D,D,D,E,C,C,B,B,B,B,B,B,B,B,B,B,B,B,B,B,B,A,B,B,B,B
Sherman,E,2,3276,48421, , , , , , , , , , , , , , , , , , , , , , , , , , , , , , , ,B,A,A,A,A,A,A,A,B,B,A,A,A,A,A,A,A,A,B,B,B,B,B,B,A,A,A,A,B,B,B, , , , , , , , , , , , ,B,B,B,B,A,A,B,B,B,B,B,E,E,E, , , , , , ,C,C,C,C,C,C,C, , , , , , , , , , , , , , ,C,C,C,C,C,B,B,E,E,C,C,C,E,C,C,C,E,E,E,C,E,C,C,C,C,C
Smith,J,21,235143,48423,G,G,G,G,G,G,G,G,G,G,G,G,G,G,G,G,G,G,G,G,G,G,G,F,F,F,F,F,F,F,G,G,G,G,G,G,G,G,G,G,G,G,G,G,G,G,G,G,G,G,G,G,G,G,G,G,G,G,G,G,G,G,G,G,G,G,G,G,G,G,G,G,G,G,G,G,G,G,G,G,G,G,G,G,G,G,G,G,G,F,F,F,F,F,E,E,E,E,E,E,E,D,C,D,C,C,B,B,B,B,B,B,B,B,A,A,A,A,A,A,A,A,A,A,A,A,A,A,A,A,A,A,A,A,B,B,B,B,B,B,B
Somervell,G,27,9294,48425, , , , , , , , , , , , , , , , , , , , , , , , , , , , , , , , , , , , , , , , , , , , , , , , , , , , , , , , , , , , , , , , , , , , , , , , , , , , , , , , , , , , , ,G,G,F,F,F,F,F,F,F,G,G,G,G,G, ,F,F,F,F,F,F,E,E,D,D,C,C,C,B,B,B,A,A,A,A,A,B,B,B,B,B,B,B,B,C,B,B,B,B,B,B,B,B,B,B,B
Starr,O,21,64731,48427, , , , , , , , , , , ,G,G,G,G,G,G,G,G,G,G,G,G,G,G,G,G,G, , , , , , , , , , , , , , , ,G,G,G,G,G,G,G,G,G,G,G,G,G,G,G,G,G,G,G,G,G,G,G,G,G,G,G,G,G,G,G,F,G,G,F,F,F,F,F,F,E,F,E,E,E,C,B,B,B,B,A,A,A,A,A,A,A,A,A,A,A,A,A,A,A,A,A,A,A,A,A,A,A,A,A,A,A,A,A,A,A,A,A,A,A,A,A,A,A,A,A,A,A,A,A,A,A,A
Stephens,G,3,9570,48429, , , , , , , , , , , , , , , , , , , , , , , , , ,G,G,G,G,G,G,G, , , , , , , , , , , , , , , , , , , , , , , , , , ,G,G,G,G,G,G,G, , , , , , ,F,F,F,F,F,F,F, , , , , , , , , , , ,G,G,G,G,G,G,G, , , , ,F,F,F,F,F,F,E,G,G,G,G,G,G,G,E,E,D,B,B,B,B,C,C,D,G,G,G,F,G, ,E,B,B,B,B,B,B,B,C,C,C
Sterling,C,24,1252,48431, , , , , , , , , , , , , , , , , , , , , , , , , , , , , , , , , , , , , , , , , , , , , , , , , , , , , , , , , , , , , , , , , , , , , , , , , , , , , , , , , , , , , , , , , , , , , , , , , , , , , , , , , , , , , , , ,B,B, , , , , , , , , , , , , , , , , , , , , , , , , , , , 
Stonewall,D,36,1523,48433, , , , , , , , , , , , , , , , , , , , , , , , , , , , , , , , , , , , , , , , , , , , , , , , , , , , , , , , , , , , , , , , , , , , , , , , , , , , , , , , , , , , , , , , , , , , , , , , , , , , , , , , , , , , , , , , , , , , , , , , , , , , ,A,A,A,A,A,A,A, , , , , , , , , , 
Sutton,B,13,4381,48435, , , , , , , , , , , , , , , , , , , , , , , , , , , , , , , , , , , , , , , , , , , , , , , , , , , , , , , , , , , , , , , , , , , , , , , , , , , , , , , , , , , , , , , , , , , , , , , ,F,F,F,F,C,C,C,D,D,D,C,D,D,C,A,A,A,A,A,A,A,A,A,A,A,A,A,A,A,A,A,A,A,A,A,A,A,A,A,A,A,A,A,B,B,B
Swisher,D,3,7414,48437, , , , , , , , , , , , , ,G,G,G,G,G,G,G, , , ,G,G,F,F,E,E,E,F,F,G,G, ,G,G,F,F,E,E,C,D,D,E,E,F,F, , ,G,F,F,F,F,E,E,E,F,F,E,E,F,E,F,F,F,G,E,E,F,F,F,E,E, , , , , , , ,G,G,G,G,G,G,E,E,E,E,E,C,D,F,F,F,F,F,G,E,C,B,B,B,B,A,B,B,B,B,B,A,B,A,A,A,A,A,A,A,A,B,A,A,A,B,B,B,B,B,B,B,C,D,C,E,E,E,E
Tarrant,H,21,2143755,48439,G,G,G,G,G,G,G,G,G,G,G,G,G,G,G,G,G,G,G,G,G,G,G,G,G,F,F,F,F,F,F,F,F,F,F,F,F,F,F,F,F,E,E,E,E,E,E,E,E,E,E,F,E,E,E,E,D,D,D,C,C,D,D,E,E,E,E,F,E,E,F,F,F,F,F,F,F,F,F,F,F,F,E,E,E,E,E,E,D,D,D,D,D,C,C,C,C,C,B,B,B,B,B,B,B,B,B,B,A,A,B,B,B,A,A,A,A,A,A,A,A,A,A,A,A,A,A,A,A,A,A,A,A,A,A,A,A,A,A,A,A
Taylor,G,11,139457,48441, , , , , , , , , , , ,G,G,G,G,G,G,G,G,F,F,F,F,F,F,F,F,F,F,F,F,F,F,D,C,C,D,C,B,B,D,D,D,B,B,B,B,B,B,B,B,B, , , , , , , ,G,G,G,G,G,G,G,G,G,G,G,G,G,G,G,G,G,G,G,G,G,G,G,G,G,G,G,G,G,G,G,G,G,G,G,G,G,F,F,F,E,E,E,D,D,D,D,D,C,B,B,B,B,B,B,B,B,B,B,A,A,A,A,A,A,A,B,B,B,B,B,B,B,B,B,B,C,C,C,C,D,D
Terrell,A,9,1054,48443, , , , , , , , , , , , , , , , , , , , , , , , , , , , , , , , , , , , , , , , , , , , , , , , , , , , , , , , , , , , , , , , , , , , , , , , , , , , , , , , , , , , , , , , , , , , , , , , , , , ,B,B,B,B,B,B,B,B,A,B,B,B,B,B, , , , , , , , , , , , , , , , , , , , , , , , , , , , 
Terry,D,32,13040,48445, , , , , , , , , ,G,G,G,G,F,F,E,F,F,F,F,G,G, ,F,F,F,F,F,D,D,E,E,E,E,E, , , , , , , , , , ,G,G,G,G,G,F,F,G,G,G,G,G, , , , , , , ,G,G,G,G,G,G,G, , , , , , , , , , , , , , , , , , , , , , , ,G,G,G,G,G,G,G,G,F,F,F,F,F,F,D,E,A,A,A,A,A,A,A,B,B,B,B,B,B,B,B,B,B,D,C,B,A,A,A,A,A,A,A,A,A,A,A
Throckmorton,F,22,1519,48447, , , , , , , , , , , , , , , , , , , , , , , , , , , , , , , , , , , , , , , , , , , , , , , , , , , , , , , , , , , , , , , , , , , , , , , , , , , , , , , , , ,C, , , , , , , , , , , , , , , , , , , , , , , , , , , ,C,C,C,C,C,C,C, , , , ,C,C,C,C,C,C,C, , , , , , , , , , ,C,B,B,B
Titus,I,14,32953,48449, , , , , , , , , , , , , , , , , , ,G,G,G,G,G,G,G,F,F,F,F,F,F,G,G,G,G,G,G,G,G,F,F,F,F,G,G,G,G,G,F,F,F,F,E,E,E,D,D,D,B,A,A,A,A,A,A,A,A,A,A,A,A,A,A,A,A,A,A,A,A,A,A,A,A,A,A,A,A,A,A,A,A,A,A,A,A,A,B,B,B,B,B,B,B,B,B,B,B,B,A,A,A,A,B,A,A,A,A,A,A,A,A,A,A,A,A,A,A,A,A,A,A,A,A,A,A,A,A,A,A,A,A
Tom Green,C,35,123276,48451, , , , , , , , ,G,G,G,G,G,G,G,G,G,G,G,G,G,G,F,G,G,F,G,G,G,G,G,G,G,G,G,G,G,G,G,G, ,G,G,G,G,G,G,G,G,G,G,G,G,G,G,G,G,G,G,G,G,G,G,G,G,G,G,G,G,G,G,G,G,G,G,G,G,G,G,G,G,G,G,G,G,G,G,G,F,G,F,F,E,E,D,C,C,C,C,C,C,D,D,D,C,B,B,B,B,B,B,B,A,A,A,A,A,A,A,A,A,A,A,A,A,A,A,B,B,B,E,A,A,A,A,A,A,B,B,B,B
Travis,M,3,1291502,48453,G,G,G,G,G,G,G,G,G,G,G,G,G,G,G,G,G,F,F,F,F,F,F,F,F,F,F,F,F,F,F,E,E,E,F,F,F,F,F,F,F,F,F,F,F,F,F,F,F,F,F,F,F,F,E,E,E,F,F,F,F,F,F,F,E,F,F,E,E,E,E,E,E,E,E,E,E,E,E,E,E,E,E,E,E,E,D,D,D,D,C,C,C,C,C,C,B,B,B,B,A,A,A,A,A,A,A,A,A,A,A,A,A,A,A,A,A,A,A,A,A,A,A,A,A,A,A,A,A,A,A,A,A,A,A,B,B,B,B,B,B
Trinity,J,13,14233,48455, , , , , , , , , , , , , , , , , , , ,F,F,F,F,F,F,F,G,G,G,F,F,E,E,E,E,E,F,F, ,G,G,G,G,G,G,G, , , , ,G,F,F,F,F,F,F,F,G,G, , , , , , , ,F,F,F,F,F,F,F, ,G,F,F,F,F,D,D,D,E,E,D,D,F,F,F,F,F, , , , , ,G,G,D,D,D,D,B,C,C,C,B,B,B,B,B,B,B,B,B,B,B,A,A,A,A,A,A,A,A,A,A,A,A,A,A,A,B,B,B,B,B,B,A,A
Tyler,J,15,21343,48457, , , , , , , , , , , , , , , , , , , ,G,G,G,G,G,G,G,G,G,G,G,G,F,F,F,F,F,F,F,G,G,G,G, , , , , , , , ,G,G,G,G,G,G,G, , , , ,G,G,G,F,F,F,F,G,G,G,G,G,G,G,G,G,G,G,G,F,F,F,F,F,F,F,G,G,G, , , , , , ,G,G,G,E,E,E,E,F,E,E,F,F,F,E,E,G,G,F,F,F,D,D,D,D,B,B,B,D,C,C,C,F,F,E,D,A,A,A,A,A,A,A,B,C,C
Upshur,I,22,41655,48459, , , , , , , , ,G,G,G,G,G,G,G,G,G,G,G,G,G,G,G,G,G,G,G,G,G,G,G,G,G,G,G,G, ,G,G,G,G,G,G,G,G,G,G,G,G,G,G,G,G,G,G,G,G,G,G,G,G,G,G,G,G,G,G, , , , ,G,G,G,G,F,F,F,F,F,F,F,G,G,G,F,F,F,F,F,F,F,F,F,F,G,G,F,G,G,G,G,G,G,G,G,F,E,E,D,D,C,C,D,D,D,D,C,C,C,B,B,B,C,B,C,B,C,B,B,B,B,B,B,B,B,B,B,B,B,C
Upton,C,32,3983,48461, , , , , , , , , , , , , , , , , , , , , , , , , , , , , , , , , , , , , , , , , , , , , , , , , , , , , , , , , , , , , , , , , , , , , , , , , , , , , , , , , , , , , , , , , , , ,F, , , ,F,F,F, ,D,D,D,F,F,F,F,F,F,D,B,B,B,B,B,B,A,B,B,B,B,B,B, ,D,F,F,B,B,B,B, ,D,D, , , ,F,D,B,B,B
Uvalde,N,2,27937,48463, , , , , , , , , , , ,G,G,G,G,G,F,F,G,G,G,G,G,G,G,G,G,G,G,G,G, , , , , , , , , , , , , , , , , , , , , , , , , , , , , , , , , , , , , , , , , , , ,G,F,F,F,E,E,D,E,F,F,F,G,F,F,F,F,E,E,E,E,E,F,D,D,D,D,D,C,B,B,B,B,B,A,A,B,A,A,A,A,A,A,A,A,A,A,A,A,A,A,A,A,A,A,A,A,A,A,A,A,A,A,A,A,A,A,A
Val Verde,B,21,48253,48465, , , , , , , , , , ,G,G,G,G,G,G,G,G,G,G, , ,G,G,G,G,G,G,G,G,G,G,G,G,G,G, , , , , , , , , , , ,G,G,G,G,G,G,G, , , , , , , , , , , , , , , , , ,G,G,G,G,G,G,G,F,F,F,G,G,G,G, , , , , , , , , ,E,E,B,B,B,B,B,B,A,B,B,B,D,D,D, ,A,A,A,A,A,A,A,A,A,A,A,A,A,A,A,A,A,A, , , , , , ,A,A,A,A,A,A,A
Van Zandt,H,25,55469,48467, , , , , , , , ,G,G,G,G,G,G,G,G,G,G,G,G,G,G,G,G,G,G,G,G,G,G,G,G,G,G,G,G,G,G,G,G,G,G,G,G,G,G,G,G,G,G,G,G,G,G,G,G,G,G,G,G,G,G,G,G,G,G,G,G,G,G,G,G,G,G,G,G,G,G,F,G,G,G,F,F,F,G,G,F,G,G,G,G,F,F,F,F,F,F,F,G,G,F,E,E,D,D,D,C,C,D,D,C,C,B,B,B,B,A,B,B,A,B,B,B,B,B,B,B,B,B,B,B,B,B,B,B,B,B,C,C,C
Victoria,M,41,97744,48469, , , , , , , , , , ,G,G,G,G,G,G,F,F,F,E,E,E,E,D,D,D,D,D,D,E,E,F,F,G,F,G,G,G,F,F,F,F,E,E,E,F,E,F,F,F,F,F,F,G,G,G,G,G,G,G,G,G,G,G,G,G,G,G,G,G,G, , ,G,G,G,G,G,G,G,G,G,G,G,G,F,F,F,F,F,E,E,E,F,E,C,D,D,D,B,A,A,B,A,A,A,A,A,A,A,A,A,A,A,A,A,A,A,A,A,A,A,A,A,A,A,A,A,A,A,A,A,A,A,A,A,A,A,A,A,A
Walker,K,2,73997,48471, , , , , , , , , ,G,G,G,G,G,G,G,G,G,G,G,G,G,G,G,G,G,G,G,F,E,E,C,B,C,B,B,B,B,B,B,B,B,A,A,A,A,A,A,A,A,B,B,B,B,B,C,C,C,B,C,D,B,B,B,B,A,B,B,B,B,B,D,A,A,A,A,A,A,A,A,A,A,A,A,A,A,A,B,E,F,F,E,G,D,F,E,D,D,D,B,B,B,B,B,B,B,B,B,B,A,A,A,A,A,A,A,A,A,A,A,A,A,A,A,A,A,A,A,A,A,A,A,A,A,A,A,A,A,A,A,B
Waller,K,13,50731,48473, , , , , , , , , , , , , ,G,G,G,G,G,G,F,G,G,F,F,G,G,G,G,G,G,F,F,F,F,F,F,G,G,G,G,G,G,G,G,G,G,F,G,G,G,G,G,G,G,G,G,G,G,G, ,G,G,G,G,G,F,F,G,F,F,F,F,F,F,F,F,F,F,F,G,F,F,F,E,F,F,D,D,D,E,E,E,E,F,F,F,E,D,D,D,C,C,D,D,C,C,C,D,D,C,B,C,B,B,B,B,B,B,A,B,B,B,B,B,B,B,B,B,B,B,B,B,B,A,A,B,B,B,B,B,C
Ward,A,13,13592,48475, , , , , , , , , , , , , , , , , , , , , , , , , , , , , , , , , , , , , , , , , , , , , , , , , , , , , , , , , , , , , , , , , , , , ,G,G,G,G,G,G,G, , , , , , , , , , ,G,G,G,F,F,F,F,E,E,E,F,E,E,E,G,F,E,E,D,D,D,B,B,C,C,C,B,B,B,C,B,B,A,A,A,A,A,A,A,A,A,B,B,B,B,B,D,D,D,B,B,D,C,C,C,C
Washington,K,11,35155,48477, , , , , , , , , , , , ,F,F,F,F,D,D,D,E,E,F,E,F,E,D,D,C,C,D,D,D,E,E,D,C,B,B,B,B,A,A,A,A,A,A,A,B,B,B,E,E,E,E,D,D,D,C,B,C,C,D,D,D,E,E,E,E,E,E,E,F,E,E,F,F,F,F,E,F,F,F,G,F,F,G,F,F,E,E,E,E,E,F,F,F,F,E,D,C,C,C,B,B,B,B,B,B,B,B,B,B,B,B,A,A,A,A,A,B,B,B,B,B,B,B,B,B,A,A,A,A,A,A,A,B,D,B,B,B,A
Webb,O,1,276183,48479, ,G,G,G,G,G,G,G,G,G,G,G,G,G,G,G,G,F,F,F,F,F,E,E,E,E,E,E,E,E,E,E,E,E,F,E,F,F,F,F,E,F,F,F,F,F,F,G,F,F,F,F,F,F,F,F,F,F,F,G,G,F,F,F,F,F,F,F,G,G,F,G,G,G,G,G,G,G,G,G,F,F,F,F,F,F,E,E,E,E,E,E,E,D,D,C,B,B,B,B,B,B,B,B,A,A,A,A,A,A,A,A,A,A,A,A,A,A,A,A,A,A,A,A,A,A,A,A,A,A,A,A,A,A,A,A,A,A,A,A,A
Wharton,M,44,41941,48481, , , , , , , , , ,G,G,G,G,F,F,F,G,F,F,F,G,F,F,F,F,F,E,E,E,F,E,E,E,F,F,F,F,G,G,G,G,G,G, , ,G,G,G, ,G,G,G,G,G,G,G,G,G,G,G,G,G,G,G,G,G,G,G,G,G,F,F,F,E,E,E,E,F,F,E,E,E,D,D,D,D,D,E,E,E,D,D,E,E,E,C,D,C,C,D,B,B,B,A,A,A,A,A,A,A,B,B,B,B,B,B,A,A,A,A,A,A,A,A,A,A,A,A,A,A,A,A,A,A,A,A,A,A,A,A,A
Wheeler,E,25,5783,48483, , , , , , , , , , , , , , , , , , , , , , , , , , , , , , , , , , , , , ,F,F,D,D,B,B,B,B,B,C,B,C,C,B,B,B,B,B,B,B,D,E,E,F,F, , , ,F,F,F,F,F,F,F, , , , , , , , , , , , , , , , , , , , , ,F,F,F,F,F,F,F, , , , , , , , ,E,D,D,D,D,D,D,F, ,F,F,F,C,D,D,B,B,B,B,C,B,B,C,B,B,C,B,D,D,E, , , 
Wichita,F,4,133138,48485, , , , ,G,G,G,G,G,G,G,G,G,F,F,F,F,F,F,F,F,F,G,G,G,G,G,G,G,G,G,G,G,G,G,G,G,G,G,G,G,G,G,G,G,G,G,G,G,G,G,G,G,G,G,G,G,G,G,G,G,G,G,G,G,G,G,G,G,G,G,G,G,G,G,G,G,G,G,G,G,G,G,G,G,G,G,G,G,G,G,G,F,F,E,D,D,D,D,C,B,B,B,B,B,B,B,B,B,B,B,B,B,B,B,B,B,B,B,B,B,B,B,B,B,B,B,B,B,B,B,B,B,B,D,B,C,C,B,B,B
Wilbarger,F,3,13038,48487, , , , , , , , , , , , , , , , , , , , , , , , , , , , , ,G,G,G,G,G,G,G, , , , , , , , , , , , , , , ,G,G,G,G,G,G,G, , ,F,F,F,F,E,E,E,G,G,G,G, , , ,G,G,G,G,G,G,G, , , , , , , , , , , , , , , , , , ,G,F,F,F,F,F,F,F,G,G,F,F,F,F,F,D,D,D,E,E,E,D,E,F,E,D,D,D,C,D,C,B,B,B,B,C,B,B,B,B,B,B
Willacy,O,23,22134,48489, , , , , , , , , , , ,G,G,G,G,G,G,G,F,F,G,G,G,F,G, , , , , , ,G,G,G,G,G,F,F,G,G,F,F,F,F,G,G,G, , , , , ,G,G,G,G,G,G,G, , , , , , ,G,G, , , , , , , ,G,G,G,F,E,F,E,D,B,B,B,B,B,B,B,B,B,B,B,B,B,B,B,A,A,A,A,A,A,A,A,A,A,A,A,A,A,A,A,A,A,A,A,A,A,A,A,A,A,A,A,A,A,A,A,A,A,A,A,A,A,A,A,A,B,B,B
Williamson,L,31,589914,48491, , , ,G,G,G,G,G,G,G,G,G,G,G,G,G,G,G,G,G,G,G,G,G,G,G,G,G,G,G,G,G,G,G,G,G,G,G,G,G,G,G,F,F,F,F,F,F,F,G,G,G,G,G,G,G,G,G,G,F,F,F,F,F,F,F,F,G,G,G,G,G,F,G,G,G,G,G,G,G,G,G,G,G,G,G,F,F,F,F,E,E,D,D,D,D,C,C,B,B,B,B,B,B,B,B,B,B,B,B,B,B,B,A,A,A,A,A,A,A,A,A,A,B,A,A,A,A,A,B,B,B,B,B,B,B,B,B,B,B,C
Wilson,N,15,51802,48493, , , , , , , , , ,G,G,G,G,G,G,G,G,G,G,G,G,G,G,G,G,G,G,G,G,G,G,G,F,F,F,F,F,F,F,G,G,F,F,G,F,G,G,G,G,G,G,G,G,G,G,G,G,G,G,G,G,G,G, ,G,G,G,G,G,G,G,G,G, , , , , ,G,G,G,G,G,G,G,G,G,G,G,F,G,G,F,G,F,E,E,E,E,D,D,D,E,E,F,F,D,E,D,C,B,B,B,B,B,B,B,B,B,B,B,A,B,B,A,A,A,A,A,A,A,B,B,B,B,C,D,D,F,F,F
Winkler,A,12,9295,48495, , , , , , , , , , , , , , , , , , , , , , , , , ,G,G,G,G,G,F,F,F,F,F,F,F,G,G, , , , , , , , , , , , , , , , , , , , , , , , , , , , , , , , , , , , , , , , , , , , , , , , , ,G,G,G,G,G,G,F,F,F,F,F,F,D,D,C,B,B,B,A,A,A,A,A,A,B,A,A,A,A,B,B,B,B,B,B,B,A,A,A,B,B,A,B,B,B,B,B,B,E,E,E,E,E
Wise,F,24,65807,48497, , , , , , , , , , , , , , ,G,G,G,G,G,G,G,G,G, , ,G,G,G,G,G,G,G,G,G,G,G,G,G,G,G,G,G,G,G,G,G,G,G,G,F,F,F,F,F,G,G,G,G,G,G,G,G,G,G,G,G,G,G,G,G,G,G,G,G,G,G,G,G,G,G,G,G,G,G,G,G,G,G,G,G,G,G,G,G,G,G,G,G,G,G,D,E,E,D,D,D,C,E,D,C,C,C,C,C,B,B,B,B,B,B,B,B,B,C,D,D,D,C,C,B,C,B,B,B,B,B,C,C,C,C,C
Wood,I,21,45292,48499, , , , , , , , , , , , , , , , ,G,G,G,G,G,G,G,G,G,G,G,G,G,G,G,G,G,G,G,G, , , ,G,G,G,G,G,G,G,G,G,G,G,G,G,G,G,G,G,G,G,G,G,G,G,G,G,F,F,F,G,G,G,G,G,G,G,G,G,G,G,F,E,E,E,D,D,D,E,E,F,F,G,G,G,G,F,E,E,E,E,E,D,E,F,F,F,F,F,G,E,E,E,E,E,E,D,D,C,C,C,D,D,B,B,B,B,B,B,B,B,B,B,B,A,A,A,A,A,A,B,B,B,B
Yoakum,D,31,9225,48501, , , , , , , , , , , , , , , , , , , , , , , , , , , , , , , , , ,G,G,G,G,G,G,G, , , , , , , , , , ,G,G,G,G,G,G,G, , , , , , , , ,G,G,G,G,G,G,G, , , , , , , , , , , , , ,F,D,D,D,C,C,C,D,F,E,E,D,D,D,D,D,B,B,B,B,B,B,B,B,B,A,A,A,A,A,B,B,D,D,D,D,D,D,B,A,A,A,B,B,A,A,B,B,B,B,A,A,A,A,A,A
Young,F,22,18712,48503, , , , , , , , , , , ,G,G,G,G,G,F,F,G,G,G,G,G, , , , , , , ,G,G,G,G,G,G,G, , , , , , , , , , , , , , , , , , , , , , , , , , , , , , , , , , , , , , , , , , , , ,G,G,G,G,G,E,D,D,D,D,D,D,F,G,G,G,G,G,G,E,E,E,E,E,E,E,F,D,C,C,C,C,D,C,C,C,B,B,B,A,B,B,B,B,B,B,C,B,B,B,A,A,A,A,A,A,A,A,A,A
Zapata,O,11,14409,48505, , , , , , , , , , , , , , , , , , , , , , ,G,G,F,F,F,F,F,G,F,G,F,F,F,F,F,F,F,G,G,G,G,G, , , , , , , , , , , , , , , , , , , , , ,G,G,G,G,G,G,G, , , ,G,G,G,G,F,F,F,G,F,F,G,G,G,F,F,F,F,B,B,B,B,B,B,B,B,B,C,B,B,B,B,D,B,B,B,B,B,B,B,B,C,B,C,B,A,A,A,A,A,A,A,A,A,B,F,F,C,C,C,B,B,A,A,A,A,A
Zavala,N,12,12682,48507, , , , , , , , , , , , , , , , , , , , , , , , , , , , , , , , ,G,G,G,G,G,G,G, , , , , , , , , , , , , , , ,G,G,G,D,C,C,C,D,D,D,F,G,F,F,F,F,F,F,G, , , , , ,G,G,G,G,G,G,G, , , , ,G,G,G,G,G,G,G, , , ,G,F,E,E,D,D,D,D,E,D,E,D,D,D,C,C,A,A,A,A,A,A,A,A,A,A,A,A,A,A,A,A,A,A,A,A,A,A,A,A,A,A
